{"C:\\Users\\26708\\DevEcoStudioProjects\\MyPictureGame\\AppScope\\app.json5":{"hashValue":"df1610d824b2654bceb810c5c41a2b90","name":"app.json5","path":"C:\\Users\\26708\\DevEcoStudioProjects\\MyPictureGame\\AppScope\\app.json5","type":"file","isSymbolicLink":false,"fileMetaData":{"size":220,"lastModifiedTime":1730990954598}},"C:\\Users\\26708\\DevEcoStudioProjects\\MyPictureGame\\entry\\src\\main\\module.json5":{"hashValue":"4e4eea3da4b0d75ab9ea1216dd4bb767","name":"module.json5","path":"C:\\Users\\26708\\DevEcoStudioProjects\\MyPictureGame\\entry\\src\\main\\module.json5","type":"file","isSymbolicLink":false,"fileMetaData":{"size":936,"lastModifiedTime":1730990909282}},"C:\\Users\\26708\\DevEcoStudioProjects\\MyPictureGame\\build-profile.json5":{"hashValue":"aeabe6171da93522adebec119a0716c7","name":"build-profile.json5","path":"C:\\Users\\26708\\DevEcoStudioProjects\\MyPictureGame\\build-profile.json5","type":"file","isSymbolicLink":false,"fileMetaData":{"size":714,"lastModifiedTime":1730549565116}},"C:\\Users\\26708\\DevEcoStudioProjects\\MyPictureGame\\entry\\build-profile.json5":{"hashValue":"5c99675cfcc4f1ff399c45ad16cfda5b","name":"build-profile.json5","path":"C:\\Users\\26708\\DevEcoStudioProjects\\MyPictureGame\\entry\\build-profile.json5","type":"file","isSymbolicLink":false,"fileMetaData":{"size":449,"lastModifiedTime":1730549565095}},"C:\\Users\\26708\\DevEcoStudioProjects\\MyPictureGame\\entry\\src\\main\\resources\\base\\profile\\main_pages.json":{"hashValue":"a652325adbbcadcbcf59c76e5edc40d8","name":"main_pages.json","path":"C:\\Users\\26708\\DevEcoStudioProjects\\MyPictureGame\\entry\\src\\main\\resources\\base\\profile\\main_pages.json","type":"file","isSymbolicLink":false,"fileMetaData":{"size":86,"lastModifiedTime":1730989200219}},"C:\\Users\\26708\\DevEcoStudioProjects\\MyPictureGame\\hvigor\\hvigor-config.json5":{"hashValue":"77dd4448f4d3cb62ef5b7c0d5af0ed4f","name":"hvigor-config.json5","path":"C:\\Users\\26708\\DevEcoStudioProjects\\MyPictureGame\\hvigor\\hvigor-config.json5","type":"file","isSymbolicLink":false,"fileMetaData":{"size":1323,"lastModifiedTime":1730549562407}},"C:\\Users\\26708\\DevEcoStudioProjects\\MyPictureGame\\entry\\src\\mock\\mock-config.json5":{"hashValue":"1e08a689af4433401038695b36358bd6","name":"mock-config.json5","path":"C:\\Users\\26708\\DevEcoStudioProjects\\MyPictureGame\\entry\\src\\mock\\mock-config.json5","type":"file","isSymbolicLink":false,"fileMetaData":{"size":3,"lastModifiedTime":1730549562627}},"C:\\Users\\26708\\DevEcoStudioProjects\\MyPictureGame\\entry\\oh-package.json5":{"hashValue":"abfd9950ca2913d9180e7cdcf881a89a","name":"oh-package.json5","path":"C:\\Users\\26708\\DevEcoStudioProjects\\MyPictureGame\\entry\\oh-package.json5","type":"file","isSymbolicLink":false,"fileMetaData":{"size":183,"lastModifiedTime":1730549562479}},"C:\\Users\\26708\\DevEcoStudioProjects\\MyPictureGame\\entry\\build\\default\\intermediates\\hap_metadata\\default\\output_metadata.json":{"hashValue":"eece952ca6d7b2e74f0e0c6f26869c6e","name":"output_metadata.json","path":"C:\\Users\\26708\\DevEcoStudioProjects\\MyPictureGame\\entry\\build\\default\\intermediates\\hap_metadata\\default\\output_metadata.json","type":"file","isSymbolicLink":false,"fileMetaData":{"size":93,"lastModifiedTime":1731133549080}},"C:\\Users\\26708\\DevEcoStudioProjects\\MyPictureGame\\entry\\build\\default\\intermediates\\merge_profile\\default\\module.json":{"hashValue":"46e3368af5d7869489efcf1a0ec3b3ff","name":"module.json","path":"C:\\Users\\26708\\DevEcoStudioProjects\\MyPictureGame\\entry\\build\\default\\intermediates\\merge_profile\\default\\module.json","type":"file","isSymbolicLink":false,"fileMetaData":{"size":1219,"lastModifiedTime":1731133549101}},"C:\\Users\\26708\\DevEcoStudioProjects\\MyPictureGame\\entry\\build\\default\\generated\\profile\\default\\BuildProfile.ets":{"hashValue":"7775ac7a06cf7f254ed58498565f10c3","name":"BuildProfile.ets","path":"C:\\Users\\26708\\DevEcoStudioProjects\\MyPictureGame\\entry\\build\\default\\generated\\profile\\default\\BuildProfile.ets","type":"file","isSymbolicLink":false,"fileMetaData":{"size":868,"lastModifiedTime":1731133549108}},"C:\\Users\\26708\\DevEcoStudioProjects\\MyPictureGame\\entry\\src\\main\\resources\\base\\profile\\backup_config.json":{"hashValue":"9c8eefa7ff9c2b84ba19d2f1d6449682","name":"backup_config.json","path":"C:\\Users\\26708\\DevEcoStudioProjects\\MyPictureGame\\entry\\src\\main\\resources\\base\\profile\\backup_config.json","type":"file","isSymbolicLink":false,"fileMetaData":{"size":36,"lastModifiedTime":1730549562782}},"C:\\Users\\26708\\DevEcoStudioProjects\\MyPictureGame\\entry\\build\\default\\outputs\\default\\pack.info":{"hashValue":"41f2eef2202ec82eb984e92a29fbb404","name":"pack.info","path":"C:\\Users\\26708\\DevEcoStudioProjects\\MyPictureGame\\entry\\build\\default\\outputs\\default\\pack.info","type":"file","isSymbolicLink":false,"fileMetaData":{"size":562,"lastModifiedTime":1731133549160}},"C:\\Users\\26708\\DevEcoStudioProjects\\MyPictureGame\\entry\\build\\default\\intermediates\\process_profile\\default\\module.json":{"hashValue":"fe46ce1b5ca6d5756e8882bc2e61ac75","name":"module.json","path":"C:\\Users\\26708\\DevEcoStudioProjects\\MyPictureGame\\entry\\build\\default\\intermediates\\process_profile\\default\\module.json","type":"file","isSymbolicLink":false,"fileMetaData":{"size":1305,"lastModifiedTime":1731133549393}},"D:\\HuaWei\\DevEco Studio\\sdk\\HarmonyOS-NEXT-DB6\\openharmony\\toolchains\\syscap_tool.exe":{"hashValue":"ed5d0c1cf0f8d312009b21725739e5c0","name":"syscap_tool.exe","path":"D:\\HuaWei\\DevEco Studio\\sdk\\HarmonyOS-NEXT-DB6\\openharmony\\toolchains\\syscap_tool.exe","type":"file","isSymbolicLink":false,"fileMetaData":{"size":334336,"lastModifiedTime":1724385431000}},"D:\\HuaWei\\DevEco Studio\\sdk\\HarmonyOS-NEXT-DB6\\openharmony\\ets\\api\\device-define":{"hashValue":"a789f8391da7d330a64c0b399c24ed39","name":"device-define","path":"D:\\HuaWei\\DevEco Studio\\sdk\\HarmonyOS-NEXT-DB6\\openharmony\\ets\\api\\device-define","type":"directory","isSymbolicLink":false,"children":[{"hashValue":"0052bddfadd4a7630a2f946f0693c85c","name":"default.json","path":"D:\\HuaWei\\DevEco Studio\\sdk\\HarmonyOS-NEXT-DB6\\openharmony\\ets\\api\\device-define\\default.json","type":"file","isSymbolicLink":false,"fileMetaData":{"size":11679,"lastModifiedTime":1724385431000}},{"hashValue":"e030d1671fe621e782ac6f2d3a999437","name":"liteWearable.json","path":"D:\\HuaWei\\DevEco Studio\\sdk\\HarmonyOS-NEXT-DB6\\openharmony\\ets\\api\\device-define\\liteWearable.json","type":"file","isSymbolicLink":false,"fileMetaData":{"size":686,"lastModifiedTime":1724385431000}},{"hashValue":"bdeb33da7087bbf15a6e78c2f732b319","name":"tablet.json","path":"D:\\HuaWei\\DevEco Studio\\sdk\\HarmonyOS-NEXT-DB6\\openharmony\\ets\\api\\device-define\\tablet.json","type":"file","isSymbolicLink":false,"fileMetaData":{"size":11246,"lastModifiedTime":1724385431000}}]},"C:\\Users\\26708\\DevEcoStudioProjects\\MyPictureGame\\oh-package.json5":{"hashValue":"7aaaf3935e74e3eb6307cb6852e18812","name":"oh-package.json5","path":"C:\\Users\\26708\\DevEcoStudioProjects\\MyPictureGame\\oh-package.json5","type":"file","isSymbolicLink":false,"fileMetaData":{"size":210,"lastModifiedTime":1730549565090}},"C:\\Users\\26708\\DevEcoStudioProjects\\MyPictureGame\\entry\\build\\default\\intermediates\\router_map\\default\\temp-router-map.json":{"hashValue":"81e02b72ca03a190165fd74797b61fb8","name":"temp-router-map.json","path":"C:\\Users\\26708\\DevEcoStudioProjects\\MyPictureGame\\entry\\build\\default\\intermediates\\router_map\\default\\temp-router-map.json","type":"file","isSymbolicLink":false,"fileMetaData":{"size":16,"lastModifiedTime":1731133549419}},"C:\\Users\\26708\\DevEcoStudioProjects\\MyPictureGame\\entry\\build\\default\\intermediates\\router_map\\default\\loader-router-map.json":{"hashValue":"6242ab7af92797c241227d9837b6a2a5","name":"loader-router-map.json","path":"C:\\Users\\26708\\DevEcoStudioProjects\\MyPictureGame\\entry\\build\\default\\intermediates\\router_map\\default\\loader-router-map.json","type":"file","isSymbolicLink":false,"fileMetaData":{"size":16,"lastModifiedTime":1731133549419}},"C:\\Users\\26708\\DevEcoStudioProjects\\MyPictureGame\\entry\\build\\default\\intermediates\\res\\default\\resConfig.json":{"hashValue":"727c09443f3c7ed85228ad1bc9226c97","name":"resConfig.json","path":"C:\\Users\\26708\\DevEcoStudioProjects\\MyPictureGame\\entry\\build\\default\\intermediates\\res\\default\\resConfig.json","type":"file","isSymbolicLink":false,"fileMetaData":{"size":1078,"lastModifiedTime":1730549598685}},"C:\\Users\\26708\\DevEcoStudioProjects\\MyPictureGame\\entry\\build\\default\\intermediates\\loader\\default\\loader.json":{"hashValue":"38a5e84c163d12ca5e510df3303e213c","name":"loader.json","path":"C:\\Users\\26708\\DevEcoStudioProjects\\MyPictureGame\\entry\\build\\default\\intermediates\\loader\\default\\loader.json","type":"file","isSymbolicLink":false,"fileMetaData":{"size":994,"lastModifiedTime":1731133549457}},"C:\\Users\\26708\\DevEcoStudioProjects\\MyPictureGame\\entry\\build\\default\\intermediates\\libs\\default":{"hashValue":"","name":"default","path":"C:\\Users\\26708\\DevEcoStudioProjects\\MyPictureGame\\entry\\build\\default\\intermediates\\libs\\default","type":"directory","isSymbolicLink":false,"children":[]},"C:\\Users\\26708\\DevEcoStudioProjects\\MyPictureGame\\entry\\src\\main\\resources":{"hashValue":"2208c3f654293d06900a91af2556ef63","name":"resources","path":"C:\\Users\\26708\\DevEcoStudioProjects\\MyPictureGame\\entry\\src\\main\\resources","type":"directory","isSymbolicLink":false,"children":[{"hashValue":"e5fedf368d00f840a18901752f9aada5","name":"base","path":"C:\\Users\\26708\\DevEcoStudioProjects\\MyPictureGame\\entry\\src\\main\\resources\\base","type":"directory","isSymbolicLink":false,"children":[{"hashValue":"15e581dd1c0db073e88868a212a85cd5","name":"element","path":"C:\\Users\\26708\\DevEcoStudioProjects\\MyPictureGame\\entry\\src\\main\\resources\\base\\element","type":"directory","isSymbolicLink":false,"children":[{"hashValue":"35b5fd991b105ff65a9336061906eb42","name":"color.json","path":"C:\\Users\\26708\\DevEcoStudioProjects\\MyPictureGame\\entry\\src\\main\\resources\\base\\element\\color.json","type":"file","isSymbolicLink":false,"fileMetaData":{"size":105,"lastModifiedTime":1730545667153}},{"hashValue":"3bc75dc101f1694c2686783cf08f70fe","name":"string.json","path":"C:\\Users\\26708\\DevEcoStudioProjects\\MyPictureGame\\entry\\src\\main\\resources\\base\\element\\string.json","type":"file","isSymbolicLink":false,"fileMetaData":{"size":269,"lastModifiedTime":1730990940715}}]},{"hashValue":"dbe2c8de8fc8e84c60fe67c19d98e69b","name":"media","path":"C:\\Users\\26708\\DevEcoStudioProjects\\MyPictureGame\\entry\\src\\main\\resources\\base\\media","type":"directory","isSymbolicLink":false,"children":[{"hashValue":"4ee44e406ed76251eb97ab6169a0c854","name":"album.png","path":"C:\\Users\\26708\\DevEcoStudioProjects\\MyPictureGame\\entry\\src\\main\\resources\\base\\media\\album.png","type":"file","isSymbolicLink":false,"fileMetaData":{"size":6718,"lastModifiedTime":1730545667155}},{"hashValue":"c67c2da3aea6c65a395154737e959faf","name":"back.png","path":"C:\\Users\\26708\\DevEcoStudioProjects\\MyPictureGame\\entry\\src\\main\\resources\\base\\media\\back.png","type":"file","isSymbolicLink":false,"fileMetaData":{"size":3028057,"lastModifiedTime":1730979540076}},{"hashValue":"a881aa7b0c9e6e97a35bce3fafbe7e55","name":"bushu.png","path":"C:\\Users\\26708\\DevEcoStudioProjects\\MyPictureGame\\entry\\src\\main\\resources\\base\\media\\bushu.png","type":"file","isSymbolicLink":false,"fileMetaData":{"size":1322,"lastModifiedTime":1730885100861}},{"hashValue":"201991ad539d25f653c9b9f9f163bdee","name":"button_back.png","path":"C:\\Users\\26708\\DevEcoStudioProjects\\MyPictureGame\\entry\\src\\main\\resources\\base\\media\\button_back.png","type":"file","isSymbolicLink":false,"fileMetaData":{"size":83680,"lastModifiedTime":1730899886968}},{"hashValue":"a74d40e4f892958a7724579e6d64081a","name":"button_bg.jpg","path":"C:\\Users\\26708\\DevEcoStudioProjects\\MyPictureGame\\entry\\src\\main\\resources\\base\\media\\button_bg.jpg","type":"file","isSymbolicLink":false,"fileMetaData":{"size":35946,"lastModifiedTime":1730909034355}},{"hashValue":"d90cc737f3539c6e7643929c92863517","name":"config.png","path":"C:\\Users\\26708\\DevEcoStudioProjects\\MyPictureGame\\entry\\src\\main\\resources\\base\\media\\config.png","type":"file","isSymbolicLink":false,"fileMetaData":{"size":1300,"lastModifiedTime":1730885910657}},{"hashValue":"46655091ea6c0b009284f3e3870066ae","name":"congratulation.png","path":"C:\\Users\\26708\\DevEcoStudioProjects\\MyPictureGame\\entry\\src\\main\\resources\\base\\media\\congratulation.png","type":"file","isSymbolicLink":false,"fileMetaData":{"size":25769,"lastModifiedTime":1730545667156}},{"hashValue":"42fb9367c77ab281d4ce329ffb7081e4","name":"icon.png","path":"C:\\Users\\26708\\DevEcoStudioProjects\\MyPictureGame\\entry\\src\\main\\resources\\base\\media\\icon.png","type":"file","isSymbolicLink":false,"fileMetaData":{"size":6790,"lastModifiedTime":1730545667157}},{"hashValue":"9dc18e009adfdb62bffeecb3579f7920","name":"img_1.png","path":"C:\\Users\\26708\\DevEcoStudioProjects\\MyPictureGame\\entry\\src\\main\\resources\\base\\media\\img_1.png","type":"file","isSymbolicLink":false,"fileMetaData":{"size":54686,"lastModifiedTime":1731134293302}},{"hashValue":"229a696babeac283d72c4ee01907e99c","name":"img_2.png","path":"C:\\Users\\26708\\DevEcoStudioProjects\\MyPictureGame\\entry\\src\\main\\resources\\base\\media\\img_2.png","type":"file","isSymbolicLink":false,"fileMetaData":{"size":45666,"lastModifiedTime":1731134334775}},{"hashValue":"01d7521b8a1eee99fbe1a9fb96954ed8","name":"img_3.png","path":"C:\\Users\\26708\\DevEcoStudioProjects\\MyPictureGame\\entry\\src\\main\\resources\\base\\media\\img_3.png","type":"file","isSymbolicLink":false,"fileMetaData":{"size":39664,"lastModifiedTime":1731134300907}},{"hashValue":"041906c570ecd257763d2f00bb425676","name":"img_4.png","path":"C:\\Users\\26708\\DevEcoStudioProjects\\MyPictureGame\\entry\\src\\main\\resources\\base\\media\\img_4.png","type":"file","isSymbolicLink":false,"fileMetaData":{"size":90218,"lastModifiedTime":1731134326342}},{"hashValue":"85d0c61b918269a3967906d5e8880ba3","name":"img_5.png","path":"C:\\Users\\26708\\DevEcoStudioProjects\\MyPictureGame\\entry\\src\\main\\resources\\base\\media\\img_5.png","type":"file","isSymbolicLink":false,"fileMetaData":{"size":85006,"lastModifiedTime":1731134305347}},{"hashValue":"de60ff4cb96a1400fcc12cd89b71ddb6","name":"img_6.png","path":"C:\\Users\\26708\\DevEcoStudioProjects\\MyPictureGame\\entry\\src\\main\\resources\\base\\media\\img_6.png","type":"file","isSymbolicLink":false,"fileMetaData":{"size":41788,"lastModifiedTime":1731134226144}},{"hashValue":"d1beced1686a0952b6cf9f0b12a633ee","name":"img_7.png","path":"C:\\Users\\26708\\DevEcoStudioProjects\\MyPictureGame\\entry\\src\\main\\resources\\base\\media\\img_7.png","type":"file","isSymbolicLink":false,"fileMetaData":{"size":37484,"lastModifiedTime":1731134312902}},{"hashValue":"fe402d30a5b52f78e86f106bbca30942","name":"img_8.png","path":"C:\\Users\\26708\\DevEcoStudioProjects\\MyPictureGame\\entry\\src\\main\\resources\\base\\media\\img_8.png","type":"file","isSymbolicLink":false,"fileMetaData":{"size":6406,"lastModifiedTime":1731134278065}},{"hashValue":"a11754bae69cef68c322ed226dc23868","name":"img_9.png","path":"C:\\Users\\26708\\DevEcoStudioProjects\\MyPictureGame\\entry\\src\\main\\resources\\base\\media\\img_9.png","type":"file","isSymbolicLink":false,"fileMetaData":{"size":29240,"lastModifiedTime":1731134288868}},{"hashValue":"2b710edd56fff3aefe6fce16987357fe","name":"musebg.jpg","path":"C:\\Users\\26708\\DevEcoStudioProjects\\MyPictureGame\\entry\\src\\main\\resources\\base\\media\\musebg.jpg","type":"file","isSymbolicLink":false,"fileMetaData":{"size":439483,"lastModifiedTime":1730868393602}},{"hashValue":"bdf57f17a6468ec73fd9cfd3fb15c386","name":"pause.png","path":"C:\\Users\\26708\\DevEcoStudioProjects\\MyPictureGame\\entry\\src\\main\\resources\\base\\media\\pause.png","type":"file","isSymbolicLink":false,"fileMetaData":{"size":3028057,"lastModifiedTime":1730979537561}},{"hashValue":"cee32bbbf8a28de59af0f1e6154f3981","name":"pintu.png","path":"C:\\Users\\26708\\DevEcoStudioProjects\\MyPictureGame\\entry\\src\\main\\resources\\base\\media\\pintu.png","type":"file","isSymbolicLink":false,"fileMetaData":{"size":22678,"lastModifiedTime":1730908783160}},{"hashValue":"c769d56f7f0b9c13766902debac1e2a8","name":"reset.png","path":"C:\\Users\\26708\\DevEcoStudioProjects\\MyPictureGame\\entry\\src\\main\\resources\\base\\media\\reset.png","type":"file","isSymbolicLink":false,"fileMetaData":{"size":3028057,"lastModifiedTime":1730979549547}},{"hashValue":"0daa8e16f5f3a901dfa06f1f27ea637f","name":"restart.png","path":"C:\\Users\\26708\\DevEcoStudioProjects\\MyPictureGame\\entry\\src\\main\\resources\\base\\media\\restart.png","type":"file","isSymbolicLink":false,"fileMetaData":{"size":3028057,"lastModifiedTime":1730979540920}},{"hashValue":"2c22a33a76c7258ee9fc78460a914097","name":"row_title.png","path":"C:\\Users\\26708\\DevEcoStudioProjects\\MyPictureGame\\entry\\src\\main\\resources\\base\\media\\row_title.png","type":"file","isSymbolicLink":false,"fileMetaData":{"size":22393,"lastModifiedTime":1730977143863}},{"hashValue":"f6fae9db2f924c2478d2b842502f64b3","name":"setting.png","path":"C:\\Users\\26708\\DevEcoStudioProjects\\MyPictureGame\\entry\\src\\main\\resources\\base\\media\\setting.png","type":"file","isSymbolicLink":false,"fileMetaData":{"size":296429,"lastModifiedTime":1730980045874}},{"hashValue":"70894618a47bc35904429206cc11913f","name":"timer.png","path":"C:\\Users\\26708\\DevEcoStudioProjects\\MyPictureGame\\entry\\src\\main\\resources\\base\\media\\timer.png","type":"file","isSymbolicLink":false,"fileMetaData":{"size":31767,"lastModifiedTime":1730545667193}}]},{"hashValue":"30fd32da2607452f5ce2d18086916722","name":"profile","path":"C:\\Users\\26708\\DevEcoStudioProjects\\MyPictureGame\\entry\\src\\main\\resources\\base\\profile","type":"directory","isSymbolicLink":false,"children":[{"hashValue":"a652325adbbcadcbcf59c76e5edc40d8","name":"main_pages.json","path":"C:\\Users\\26708\\DevEcoStudioProjects\\MyPictureGame\\entry\\src\\main\\resources\\base\\profile\\main_pages.json","type":"file","isSymbolicLink":false,"fileMetaData":{"size":86,"lastModifiedTime":1730989200219}}]}]},{"hashValue":"08fec2f438db69b42254e925cc709498","name":"en_US","path":"C:\\Users\\26708\\DevEcoStudioProjects\\MyPictureGame\\entry\\src\\main\\resources\\en_US","type":"directory","isSymbolicLink":false,"children":[{"hashValue":"78fc36f601b7d77092c83c8065a291a4","name":"element","path":"C:\\Users\\26708\\DevEcoStudioProjects\\MyPictureGame\\entry\\src\\main\\resources\\en_US\\element","type":"directory","isSymbolicLink":false,"children":[{"hashValue":"4d89605b3f9f2fa525d421dc9b5ef3e1","name":"string.json","path":"C:\\Users\\26708\\DevEcoStudioProjects\\MyPictureGame\\entry\\src\\main\\resources\\en_US\\element\\string.json","type":"file","isSymbolicLink":false,"fileMetaData":{"size":269,"lastModifiedTime":1730990970893}}]}]},{"hashValue":"2353f6cf9eab082c3a1992429a51da3d","name":"rawfile","path":"C:\\Users\\26708\\DevEcoStudioProjects\\MyPictureGame\\entry\\src\\main\\resources\\rawfile","type":"directory","isSymbolicLink":false,"children":[{"hashValue":"b2d6ac6284a5a0e79dccef8a0c1fef94","name":"test_01.mp3","path":"C:\\Users\\26708\\DevEcoStudioProjects\\MyPictureGame\\entry\\src\\main\\resources\\rawfile\\test_01.mp3","type":"file","isSymbolicLink":false,"fileMetaData":{"size":15360,"lastModifiedTime":1730866475829}},{"hashValue":"5337185a6cf08bb3e0513e223526c119","name":"test_02.mp3","path":"C:\\Users\\26708\\DevEcoStudioProjects\\MyPictureGame\\entry\\src\\main\\resources\\rawfile\\test_02.mp3","type":"file","isSymbolicLink":false,"fileMetaData":{"size":3479092,"lastModifiedTime":1730866745156}},{"hashValue":"4847dcadc4c0969d99dedf934f7778c2","name":"test_03.mp3","path":"C:\\Users\\26708\\DevEcoStudioProjects\\MyPictureGame\\entry\\src\\main\\resources\\rawfile\\test_03.mp3","type":"file","isSymbolicLink":false,"fileMetaData":{"size":1029600,"lastModifiedTime":1730867638282}}]},{"hashValue":"c916c57042b1adffb4b52f43e49d6ec9","name":"zh_CN","path":"C:\\Users\\26708\\DevEcoStudioProjects\\MyPictureGame\\entry\\src\\main\\resources\\zh_CN","type":"directory","isSymbolicLink":false,"children":[{"hashValue":"a254c82366b1e4da2093a15767f4245e","name":"element","path":"C:\\Users\\26708\\DevEcoStudioProjects\\MyPictureGame\\entry\\src\\main\\resources\\zh_CN\\element","type":"directory","isSymbolicLink":false,"children":[{"hashValue":"82ea6a2ae49a48f4e9bdc21277c04be5","name":"string.json","path":"C:\\Users\\26708\\DevEcoStudioProjects\\MyPictureGame\\entry\\src\\main\\resources\\zh_CN\\element\\string.json","type":"file","isSymbolicLink":false,"fileMetaData":{"size":263,"lastModifiedTime":1730990978561}}]}]}]},"C:\\Users\\26708\\DevEcoStudioProjects\\MyPictureGame\\AppScope\\resources":{"hashValue":"b50b596a8db96ebf382122f91a90da28","name":"resources","path":"C:\\Users\\26708\\DevEcoStudioProjects\\MyPictureGame\\AppScope\\resources","type":"directory","isSymbolicLink":false,"children":[{"hashValue":"408b95048e09dec8ddc71fd3a70c5717","name":"base","path":"C:\\Users\\26708\\DevEcoStudioProjects\\MyPictureGame\\AppScope\\resources\\base","type":"directory","isSymbolicLink":false,"children":[{"hashValue":"611b85e707c771aa68e5b3375ea84b94","name":"element","path":"C:\\Users\\26708\\DevEcoStudioProjects\\MyPictureGame\\AppScope\\resources\\base\\element","type":"directory","isSymbolicLink":false,"children":[{"hashValue":"e5f49b7c5c60debc71e6e25308527989","name":"string.json","path":"C:\\Users\\26708\\DevEcoStudioProjects\\MyPictureGame\\AppScope\\resources\\base\\element\\string.json","type":"file","isSymbolicLink":false,"fileMetaData":{"size":99,"lastModifiedTime":1730549562446}}]},{"hashValue":"aa3487e0b9eb81385b71453998adad36","name":"media","path":"C:\\Users\\26708\\DevEcoStudioProjects\\MyPictureGame\\AppScope\\resources\\base\\media","type":"directory","isSymbolicLink":false,"children":[{"hashValue":"6051eb412a85329da8c2b82f699a7778","name":"app_icon.png","path":"C:\\Users\\26708\\DevEcoStudioProjects\\MyPictureGame\\AppScope\\resources\\base\\media\\app_icon.png","type":"file","isSymbolicLink":false,"fileMetaData":{"size":2777,"lastModifiedTime":1730549562432}}]}]}]},"C:\\Users\\26708\\DevEcoStudioProjects\\MyPictureGame\\entry\\build\\default\\intermediates\\res\\default":{"hashValue":"04a93d2f39a6c11d3334c66cd3213598","name":"default","path":"C:\\Users\\26708\\DevEcoStudioProjects\\MyPictureGame\\entry\\build\\default\\intermediates\\res\\default","type":"directory","isSymbolicLink":false,"children":[{"hashValue":"271277b97f705f5bd512a2c3b37d7553","name":"ids_map","path":"C:\\Users\\26708\\DevEcoStudioProjects\\MyPictureGame\\entry\\build\\default\\intermediates\\res\\default\\ids_map","type":"directory","isSymbolicLink":false,"children":[{"hashValue":"379183c591f07ab84582b966cff15207","name":"id_defined.json","path":"C:\\Users\\26708\\DevEcoStudioProjects\\MyPictureGame\\entry\\build\\default\\intermediates\\res\\default\\ids_map\\id_defined.json","type":"file","isSymbolicLink":false,"fileMetaData":{"size":2316,"lastModifiedTime":1731134469987}}]},{"hashValue":"0f2e77b9662b3c8bb6d7f961b308c21a","name":"module.json","path":"C:\\Users\\26708\\DevEcoStudioProjects\\MyPictureGame\\entry\\build\\default\\intermediates\\res\\default\\module.json","type":"file","isSymbolicLink":false,"fileMetaData":{"size":1476,"lastModifiedTime":1731134469986}},{"hashValue":"727c09443f3c7ed85228ad1bc9226c97","name":"resConfig.json","path":"C:\\Users\\26708\\DevEcoStudioProjects\\MyPictureGame\\entry\\build\\default\\intermediates\\res\\default\\resConfig.json","type":"file","isSymbolicLink":false,"fileMetaData":{"size":1078,"lastModifiedTime":1730549598685}},{"hashValue":"82cc3e653e020603b012391bc8ef0055","name":"resources","path":"C:\\Users\\26708\\DevEcoStudioProjects\\MyPictureGame\\entry\\build\\default\\intermediates\\res\\default\\resources","type":"directory","isSymbolicLink":false,"children":[{"hashValue":"d87899c0de10ed89ee6bd7b8f8bcd054","name":"base","path":"C:\\Users\\26708\\DevEcoStudioProjects\\MyPictureGame\\entry\\build\\default\\intermediates\\res\\default\\resources\\base","type":"directory","isSymbolicLink":false,"children":[{"hashValue":"6c2464be5f480970064e6e85477d69d1","name":"media","path":"C:\\Users\\26708\\DevEcoStudioProjects\\MyPictureGame\\entry\\build\\default\\intermediates\\res\\default\\resources\\base\\media","type":"directory","isSymbolicLink":false,"children":[{"hashValue":"4ee44e406ed76251eb97ab6169a0c854","name":"album.png","path":"C:\\Users\\26708\\DevEcoStudioProjects\\MyPictureGame\\entry\\build\\default\\intermediates\\res\\default\\resources\\base\\media\\album.png","type":"file","isSymbolicLink":false,"fileMetaData":{"size":6718,"lastModifiedTime":1730545667155}},{"hashValue":"6051eb412a85329da8c2b82f699a7778","name":"app_icon.png","path":"C:\\Users\\26708\\DevEcoStudioProjects\\MyPictureGame\\entry\\build\\default\\intermediates\\res\\default\\resources\\base\\media\\app_icon.png","type":"file","isSymbolicLink":false,"fileMetaData":{"size":2777,"lastModifiedTime":1730549562432}},{"hashValue":"c67c2da3aea6c65a395154737e959faf","name":"back.png","path":"C:\\Users\\26708\\DevEcoStudioProjects\\MyPictureGame\\entry\\build\\default\\intermediates\\res\\default\\resources\\base\\media\\back.png","type":"file","isSymbolicLink":false,"fileMetaData":{"size":3028057,"lastModifiedTime":1730979540076}},{"hashValue":"a881aa7b0c9e6e97a35bce3fafbe7e55","name":"bushu.png","path":"C:\\Users\\26708\\DevEcoStudioProjects\\MyPictureGame\\entry\\build\\default\\intermediates\\res\\default\\resources\\base\\media\\bushu.png","type":"file","isSymbolicLink":false,"fileMetaData":{"size":1322,"lastModifiedTime":1730885100861}},{"hashValue":"201991ad539d25f653c9b9f9f163bdee","name":"button_back.png","path":"C:\\Users\\26708\\DevEcoStudioProjects\\MyPictureGame\\entry\\build\\default\\intermediates\\res\\default\\resources\\base\\media\\button_back.png","type":"file","isSymbolicLink":false,"fileMetaData":{"size":83680,"lastModifiedTime":1730899886968}},{"hashValue":"a74d40e4f892958a7724579e6d64081a","name":"button_bg.jpg","path":"C:\\Users\\26708\\DevEcoStudioProjects\\MyPictureGame\\entry\\build\\default\\intermediates\\res\\default\\resources\\base\\media\\button_bg.jpg","type":"file","isSymbolicLink":false,"fileMetaData":{"size":35946,"lastModifiedTime":1730909034355}},{"hashValue":"d90cc737f3539c6e7643929c92863517","name":"config.png","path":"C:\\Users\\26708\\DevEcoStudioProjects\\MyPictureGame\\entry\\build\\default\\intermediates\\res\\default\\resources\\base\\media\\config.png","type":"file","isSymbolicLink":false,"fileMetaData":{"size":1300,"lastModifiedTime":1730885910657}},{"hashValue":"46655091ea6c0b009284f3e3870066ae","name":"congratulation.png","path":"C:\\Users\\26708\\DevEcoStudioProjects\\MyPictureGame\\entry\\build\\default\\intermediates\\res\\default\\resources\\base\\media\\congratulation.png","type":"file","isSymbolicLink":false,"fileMetaData":{"size":25769,"lastModifiedTime":1730545667156}},{"hashValue":"42fb9367c77ab281d4ce329ffb7081e4","name":"icon.png","path":"C:\\Users\\26708\\DevEcoStudioProjects\\MyPictureGame\\entry\\build\\default\\intermediates\\res\\default\\resources\\base\\media\\icon.png","type":"file","isSymbolicLink":false,"fileMetaData":{"size":6790,"lastModifiedTime":1730545667157}},{"hashValue":"9dc18e009adfdb62bffeecb3579f7920","name":"img_1.png","path":"C:\\Users\\26708\\DevEcoStudioProjects\\MyPictureGame\\entry\\build\\default\\intermediates\\res\\default\\resources\\base\\media\\img_1.png","type":"file","isSymbolicLink":false,"fileMetaData":{"size":54686,"lastModifiedTime":1731134293302}},{"hashValue":"229a696babeac283d72c4ee01907e99c","name":"img_2.png","path":"C:\\Users\\26708\\DevEcoStudioProjects\\MyPictureGame\\entry\\build\\default\\intermediates\\res\\default\\resources\\base\\media\\img_2.png","type":"file","isSymbolicLink":false,"fileMetaData":{"size":45666,"lastModifiedTime":1731134334775}},{"hashValue":"01d7521b8a1eee99fbe1a9fb96954ed8","name":"img_3.png","path":"C:\\Users\\26708\\DevEcoStudioProjects\\MyPictureGame\\entry\\build\\default\\intermediates\\res\\default\\resources\\base\\media\\img_3.png","type":"file","isSymbolicLink":false,"fileMetaData":{"size":39664,"lastModifiedTime":1731134300907}},{"hashValue":"041906c570ecd257763d2f00bb425676","name":"img_4.png","path":"C:\\Users\\26708\\DevEcoStudioProjects\\MyPictureGame\\entry\\build\\default\\intermediates\\res\\default\\resources\\base\\media\\img_4.png","type":"file","isSymbolicLink":false,"fileMetaData":{"size":90218,"lastModifiedTime":1731134326342}},{"hashValue":"85d0c61b918269a3967906d5e8880ba3","name":"img_5.png","path":"C:\\Users\\26708\\DevEcoStudioProjects\\MyPictureGame\\entry\\build\\default\\intermediates\\res\\default\\resources\\base\\media\\img_5.png","type":"file","isSymbolicLink":false,"fileMetaData":{"size":85006,"lastModifiedTime":1731134305347}},{"hashValue":"de60ff4cb96a1400fcc12cd89b71ddb6","name":"img_6.png","path":"C:\\Users\\26708\\DevEcoStudioProjects\\MyPictureGame\\entry\\build\\default\\intermediates\\res\\default\\resources\\base\\media\\img_6.png","type":"file","isSymbolicLink":false,"fileMetaData":{"size":41788,"lastModifiedTime":1731134226144}},{"hashValue":"d1beced1686a0952b6cf9f0b12a633ee","name":"img_7.png","path":"C:\\Users\\26708\\DevEcoStudioProjects\\MyPictureGame\\entry\\build\\default\\intermediates\\res\\default\\resources\\base\\media\\img_7.png","type":"file","isSymbolicLink":false,"fileMetaData":{"size":37484,"lastModifiedTime":1731134312902}},{"hashValue":"fe402d30a5b52f78e86f106bbca30942","name":"img_8.png","path":"C:\\Users\\26708\\DevEcoStudioProjects\\MyPictureGame\\entry\\build\\default\\intermediates\\res\\default\\resources\\base\\media\\img_8.png","type":"file","isSymbolicLink":false,"fileMetaData":{"size":6406,"lastModifiedTime":1731134278065}},{"hashValue":"a11754bae69cef68c322ed226dc23868","name":"img_9.png","path":"C:\\Users\\26708\\DevEcoStudioProjects\\MyPictureGame\\entry\\build\\default\\intermediates\\res\\default\\resources\\base\\media\\img_9.png","type":"file","isSymbolicLink":false,"fileMetaData":{"size":29240,"lastModifiedTime":1731134288868}},{"hashValue":"2b710edd56fff3aefe6fce16987357fe","name":"musebg.jpg","path":"C:\\Users\\26708\\DevEcoStudioProjects\\MyPictureGame\\entry\\build\\default\\intermediates\\res\\default\\resources\\base\\media\\musebg.jpg","type":"file","isSymbolicLink":false,"fileMetaData":{"size":439483,"lastModifiedTime":1730868393602}},{"hashValue":"bdf57f17a6468ec73fd9cfd3fb15c386","name":"pause.png","path":"C:\\Users\\26708\\DevEcoStudioProjects\\MyPictureGame\\entry\\build\\default\\intermediates\\res\\default\\resources\\base\\media\\pause.png","type":"file","isSymbolicLink":false,"fileMetaData":{"size":3028057,"lastModifiedTime":1730979537561}},{"hashValue":"cee32bbbf8a28de59af0f1e6154f3981","name":"pintu.png","path":"C:\\Users\\26708\\DevEcoStudioProjects\\MyPictureGame\\entry\\build\\default\\intermediates\\res\\default\\resources\\base\\media\\pintu.png","type":"file","isSymbolicLink":false,"fileMetaData":{"size":22678,"lastModifiedTime":1730908783160}},{"hashValue":"c769d56f7f0b9c13766902debac1e2a8","name":"reset.png","path":"C:\\Users\\26708\\DevEcoStudioProjects\\MyPictureGame\\entry\\build\\default\\intermediates\\res\\default\\resources\\base\\media\\reset.png","type":"file","isSymbolicLink":false,"fileMetaData":{"size":3028057,"lastModifiedTime":1730979549547}},{"hashValue":"0daa8e16f5f3a901dfa06f1f27ea637f","name":"restart.png","path":"C:\\Users\\26708\\DevEcoStudioProjects\\MyPictureGame\\entry\\build\\default\\intermediates\\res\\default\\resources\\base\\media\\restart.png","type":"file","isSymbolicLink":false,"fileMetaData":{"size":3028057,"lastModifiedTime":1730979540920}},{"hashValue":"2c22a33a76c7258ee9fc78460a914097","name":"row_title.png","path":"C:\\Users\\26708\\DevEcoStudioProjects\\MyPictureGame\\entry\\build\\default\\intermediates\\res\\default\\resources\\base\\media\\row_title.png","type":"file","isSymbolicLink":false,"fileMetaData":{"size":22393,"lastModifiedTime":1730977143863}},{"hashValue":"f6fae9db2f924c2478d2b842502f64b3","name":"setting.png","path":"C:\\Users\\26708\\DevEcoStudioProjects\\MyPictureGame\\entry\\build\\default\\intermediates\\res\\default\\resources\\base\\media\\setting.png","type":"file","isSymbolicLink":false,"fileMetaData":{"size":296429,"lastModifiedTime":1730980045874}},{"hashValue":"70894618a47bc35904429206cc11913f","name":"timer.png","path":"C:\\Users\\26708\\DevEcoStudioProjects\\MyPictureGame\\entry\\build\\default\\intermediates\\res\\default\\resources\\base\\media\\timer.png","type":"file","isSymbolicLink":false,"fileMetaData":{"size":31767,"lastModifiedTime":1730545667193}}]},{"hashValue":"30fd32da2607452f5ce2d18086916722","name":"profile","path":"C:\\Users\\26708\\DevEcoStudioProjects\\MyPictureGame\\entry\\build\\default\\intermediates\\res\\default\\resources\\base\\profile","type":"directory","isSymbolicLink":false,"children":[{"hashValue":"a652325adbbcadcbcf59c76e5edc40d8","name":"main_pages.json","path":"C:\\Users\\26708\\DevEcoStudioProjects\\MyPictureGame\\entry\\build\\default\\intermediates\\res\\default\\resources\\base\\profile\\main_pages.json","type":"file","isSymbolicLink":false,"fileMetaData":{"size":86,"lastModifiedTime":1730989200219}}]}]},{"hashValue":"2353f6cf9eab082c3a1992429a51da3d","name":"rawfile","path":"C:\\Users\\26708\\DevEcoStudioProjects\\MyPictureGame\\entry\\build\\default\\intermediates\\res\\default\\resources\\rawfile","type":"directory","isSymbolicLink":false,"children":[{"hashValue":"b2d6ac6284a5a0e79dccef8a0c1fef94","name":"test_01.mp3","path":"C:\\Users\\26708\\DevEcoStudioProjects\\MyPictureGame\\entry\\build\\default\\intermediates\\res\\default\\resources\\rawfile\\test_01.mp3","type":"file","isSymbolicLink":false,"fileMetaData":{"size":15360,"lastModifiedTime":1730866475829}},{"hashValue":"5337185a6cf08bb3e0513e223526c119","name":"test_02.mp3","path":"C:\\Users\\26708\\DevEcoStudioProjects\\MyPictureGame\\entry\\build\\default\\intermediates\\res\\default\\resources\\rawfile\\test_02.mp3","type":"file","isSymbolicLink":false,"fileMetaData":{"size":3479092,"lastModifiedTime":1730866745156}},{"hashValue":"4847dcadc4c0969d99dedf934f7778c2","name":"test_03.mp3","path":"C:\\Users\\26708\\DevEcoStudioProjects\\MyPictureGame\\entry\\build\\default\\intermediates\\res\\default\\resources\\rawfile\\test_03.mp3","type":"file","isSymbolicLink":false,"fileMetaData":{"size":1029600,"lastModifiedTime":1730867638282}}]}]},{"hashValue":"664d2e7f1deab9e9e0f0808dbfbd97d2","name":"resources.index","path":"C:\\Users\\26708\\DevEcoStudioProjects\\MyPictureGame\\entry\\build\\default\\intermediates\\res\\default\\resources.index","type":"file","isSymbolicLink":false,"fileMetaData":{"size":2702,"lastModifiedTime":1731134469987}},{"hashValue":"4ab9957b1ebbe74e418bd517712f0223","name":"ResourceTable.txt","path":"C:\\Users\\26708\\DevEcoStudioProjects\\MyPictureGame\\entry\\build\\default\\intermediates\\res\\default\\ResourceTable.txt","type":"file","isSymbolicLink":false,"fileMetaData":{"size":828,"lastModifiedTime":1731134469977}}]},"C:\\Users\\26708\\DevEcoStudioProjects\\MyPictureGame\\entry\\build\\default\\generated\\r\\default\\ResourceTable.h":{"hashValue":"7797d9b3a5c5b846ee5126ff2fcfc63c","name":"ResourceTable.h","path":"C:\\Users\\26708\\DevEcoStudioProjects\\MyPictureGame\\entry\\build\\default\\generated\\r\\default\\ResourceTable.h","type":"file","isSymbolicLink":false,"fileMetaData":{"size":2078,"lastModifiedTime":1731134469977}},"C:\\Users\\26708\\DevEcoStudioProjects\\MyPictureGame\\entry\\build\\default\\generated\\r\\default":{"hashValue":"9a98f2c6e93f3216f40b6c54c9d887f5","name":"default","path":"C:\\Users\\26708\\DevEcoStudioProjects\\MyPictureGame\\entry\\build\\default\\generated\\r\\default","type":"directory","isSymbolicLink":false,"children":[{"hashValue":"7797d9b3a5c5b846ee5126ff2fcfc63c","name":"ResourceTable.h","path":"C:\\Users\\26708\\DevEcoStudioProjects\\MyPictureGame\\entry\\build\\default\\generated\\r\\default\\ResourceTable.h","type":"file","isSymbolicLink":false,"fileMetaData":{"size":2078,"lastModifiedTime":1731134469977}}]},"C:\\Users\\26708\\DevEcoStudioProjects\\MyPictureGame\\entry\\build\\default\\intermediates\\loader\\default":{"hashValue":"aa77c0ffa49423e8ebfb633f35b09620","name":"default","path":"C:\\Users\\26708\\DevEcoStudioProjects\\MyPictureGame\\entry\\build\\default\\intermediates\\loader\\default","type":"directory","isSymbolicLink":false,"children":[{"hashValue":"38a5e84c163d12ca5e510df3303e213c","name":"loader.json","path":"C:\\Users\\26708\\DevEcoStudioProjects\\MyPictureGame\\entry\\build\\default\\intermediates\\loader\\default\\loader.json","type":"file","isSymbolicLink":false,"fileMetaData":{"size":994,"lastModifiedTime":1731133549457}}]},"C:\\Users\\26708\\DevEcoStudioProjects\\MyPictureGame\\entry\\build\\default\\intermediates\\res\\default\\resources\\rawfile":{"hashValue":"2353f6cf9eab082c3a1992429a51da3d","name":"rawfile","path":"C:\\Users\\26708\\DevEcoStudioProjects\\MyPictureGame\\entry\\build\\default\\intermediates\\res\\default\\resources\\rawfile","type":"directory","isSymbolicLink":false,"children":[{"hashValue":"b2d6ac6284a5a0e79dccef8a0c1fef94","name":"test_01.mp3","path":"C:\\Users\\26708\\DevEcoStudioProjects\\MyPictureGame\\entry\\build\\default\\intermediates\\res\\default\\resources\\rawfile\\test_01.mp3","type":"file","isSymbolicLink":false,"fileMetaData":{"size":15360,"lastModifiedTime":1730866475829}},{"hashValue":"5337185a6cf08bb3e0513e223526c119","name":"test_02.mp3","path":"C:\\Users\\26708\\DevEcoStudioProjects\\MyPictureGame\\entry\\build\\default\\intermediates\\res\\default\\resources\\rawfile\\test_02.mp3","type":"file","isSymbolicLink":false,"fileMetaData":{"size":3479092,"lastModifiedTime":1730866745156}},{"hashValue":"4847dcadc4c0969d99dedf934f7778c2","name":"test_03.mp3","path":"C:\\Users\\26708\\DevEcoStudioProjects\\MyPictureGame\\entry\\build\\default\\intermediates\\res\\default\\resources\\rawfile\\test_03.mp3","type":"file","isSymbolicLink":false,"fileMetaData":{"size":1029600,"lastModifiedTime":1730867638282}}]},"C:\\Users\\26708\\DevEcoStudioProjects\\MyPictureGame\\entry\\build\\default\\intermediates\\res\\default\\ResourceTable.txt":{"hashValue":"4ab9957b1ebbe74e418bd517712f0223","name":"ResourceTable.txt","path":"C:\\Users\\26708\\DevEcoStudioProjects\\MyPictureGame\\entry\\build\\default\\intermediates\\res\\default\\ResourceTable.txt","type":"file","isSymbolicLink":false,"fileMetaData":{"size":828,"lastModifiedTime":1731134469977}},"C:\\Users\\26708\\DevEcoStudioProjects\\MyPictureGame\\entry\\build\\default\\intermediates\\res\\default\\module.json":{"hashValue":"0f2e77b9662b3c8bb6d7f961b308c21a","name":"module.json","path":"C:\\Users\\26708\\DevEcoStudioProjects\\MyPictureGame\\entry\\build\\default\\intermediates\\res\\default\\module.json","type":"file","isSymbolicLink":false,"fileMetaData":{"size":1476,"lastModifiedTime":1731134469986}},"C:\\Users\\26708\\DevEcoStudioProjects\\MyPictureGame\\entry\\build\\default\\intermediates\\res\\default\\resources\\base\\profile":{"hashValue":"30fd32da2607452f5ce2d18086916722","name":"profile","path":"C:\\Users\\26708\\DevEcoStudioProjects\\MyPictureGame\\entry\\build\\default\\intermediates\\res\\default\\resources\\base\\profile","type":"directory","isSymbolicLink":false,"children":[{"hashValue":"a652325adbbcadcbcf59c76e5edc40d8","name":"main_pages.json","path":"C:\\Users\\26708\\DevEcoStudioProjects\\MyPictureGame\\entry\\build\\default\\intermediates\\res\\default\\resources\\base\\profile\\main_pages.json","type":"file","isSymbolicLink":false,"fileMetaData":{"size":86,"lastModifiedTime":1730989200219}}]},"C:\\Users\\26708\\DevEcoStudioProjects\\MyPictureGame\\entry\\src\\main\\ets":{"hashValue":"e84951d860e81ef4279498a58d58c445","name":"ets","path":"C:\\Users\\26708\\DevEcoStudioProjects\\MyPictureGame\\entry\\src\\main\\ets","type":"directory","isSymbolicLink":false,"children":[{"hashValue":"07cd4c32db723d61264896ae7f9137ff","name":"common","path":"C:\\Users\\26708\\DevEcoStudioProjects\\MyPictureGame\\entry\\src\\main\\ets\\common","type":"directory","isSymbolicLink":false,"children":[{"hashValue":"6ff0e96d4559920997c08f2a0cb00d9f","name":"constant","path":"C:\\Users\\26708\\DevEcoStudioProjects\\MyPictureGame\\entry\\src\\main\\ets\\common\\constant","type":"directory","isSymbolicLink":false,"children":[{"hashValue":"fb4eef0a083ef9f1564fb037ba3707ad","name":"Constants.ets","path":"C:\\Users\\26708\\DevEcoStudioProjects\\MyPictureGame\\entry\\src\\main\\ets\\common\\constant\\Constants.ets","type":"file","isSymbolicLink":false,"fileMetaData":{"size":286,"lastModifiedTime":1730545667141}},{"hashValue":"3b227b739538dbdb9de60e76c66db8e4","name":"GameConstants.ets","path":"C:\\Users\\26708\\DevEcoStudioProjects\\MyPictureGame\\entry\\src\\main\\ets\\common\\constant\\GameConstants.ets","type":"file","isSymbolicLink":false,"fileMetaData":{"size":374,"lastModifiedTime":1730988538234}}]},{"hashValue":"518c6b2d5761b4e287188071af98b8b0","name":"entity","path":"C:\\Users\\26708\\DevEcoStudioProjects\\MyPictureGame\\entry\\src\\main\\ets\\common\\entity","type":"directory","isSymbolicLink":false,"children":[{"hashValue":"57d2c57240acd359687b0cfca7b79515","name":"CroppedImage.ets","path":"C:\\Users\\26708\\DevEcoStudioProjects\\MyPictureGame\\entry\\src\\main\\ets\\common\\entity\\CroppedImage.ets","type":"file","isSymbolicLink":false,"fileMetaData":{"size":455,"lastModifiedTime":1730545667143}}]},{"hashValue":"6720a90580084b81b02bf753c25f5c4e","name":"util","path":"C:\\Users\\26708\\DevEcoStudioProjects\\MyPictureGame\\entry\\src\\main\\ets\\common\\util","type":"directory","isSymbolicLink":false,"children":[{"hashValue":"6fc30b3eab0d908db42bd1077453622e","name":"GameUtils.ets","path":"C:\\Users\\26708\\DevEcoStudioProjects\\MyPictureGame\\entry\\src\\main\\ets\\common\\util\\GameUtils.ets","type":"file","isSymbolicLink":false,"fileMetaData":{"size":2699,"lastModifiedTime":1730550835738}},{"hashValue":"6afec38ecdc143f7ec5e15bb5647a3be","name":"GridUtils.ts","path":"C:\\Users\\26708\\DevEcoStudioProjects\\MyPictureGame\\entry\\src\\main\\ets\\common\\util\\GridUtils.ts","type":"file","isSymbolicLink":false,"fileMetaData":{"size":431,"lastModifiedTime":1730545667144}},{"hashValue":"0bec19a8ffd6faa1098221ce6b37510e","name":"ImageUtils.ets","path":"C:\\Users\\26708\\DevEcoStudioProjects\\MyPictureGame\\entry\\src\\main\\ets\\common\\util\\ImageUtils.ets","type":"file","isSymbolicLink":false,"fileMetaData":{"size":2270,"lastModifiedTime":1730552493374}},{"hashValue":"2922eeb96e824f3b8c2ed899dca5c85b","name":"IOUtils.ets","path":"C:\\Users\\26708\\DevEcoStudioProjects\\MyPictureGame\\entry\\src\\main\\ets\\common\\util\\IOUtils.ets","type":"file","isSymbolicLink":false,"fileMetaData":{"size":2455,"lastModifiedTime":1730545667144}}]}]},{"hashValue":"f95580fe0379ac16669be540d35914f8","name":"entryability","path":"C:\\Users\\26708\\DevEcoStudioProjects\\MyPictureGame\\entry\\src\\main\\ets\\entryability","type":"directory","isSymbolicLink":false,"children":[{"hashValue":"591564c26b2260c4ce5c60c1cb025f58","name":"EntryAbility.ts","path":"C:\\Users\\26708\\DevEcoStudioProjects\\MyPictureGame\\entry\\src\\main\\ets\\entryability\\EntryAbility.ts","type":"file","isSymbolicLink":false,"fileMetaData":{"size":1454,"lastModifiedTime":1730545667145}}]},{"hashValue":"d9f3664c8601e584318b7e6ff15658ce","name":"pages","path":"C:\\Users\\26708\\DevEcoStudioProjects\\MyPictureGame\\entry\\src\\main\\ets\\pages","type":"directory","isSymbolicLink":false,"children":[{"hashValue":"a63e52203deb109b64c5aa3b1bcd229e","name":"GameMode.ets","path":"C:\\Users\\26708\\DevEcoStudioProjects\\MyPictureGame\\entry\\src\\main\\ets\\pages\\GameMode.ets","type":"file","isSymbolicLink":false,"fileMetaData":{"size":2991,"lastModifiedTime":1730988765647}},{"hashValue":"2666546e879fba62a159e9f0832b585c","name":"GamePage.ets","path":"C:\\Users\\26708\\DevEcoStudioProjects\\MyPictureGame\\entry\\src\\main\\ets\\pages\\GamePage.ets","type":"file","isSymbolicLink":false,"fileMetaData":{"size":13567,"lastModifiedTime":1730990778983}},{"hashValue":"8a2684d642e543c4cf43e0d1f65bc813","name":"Index.ets","path":"C:\\Users\\26708\\DevEcoStudioProjects\\MyPictureGame\\entry\\src\\main\\ets\\pages\\Index.ets","type":"file","isSymbolicLink":false,"fileMetaData":{"size":2490,"lastModifiedTime":1731133925189}}]},{"hashValue":"886e65ff3dca87a4de9ab7bfb5787252","name":"view","path":"C:\\Users\\26708\\DevEcoStudioProjects\\MyPictureGame\\entry\\src\\main\\ets\\view","type":"directory","isSymbolicLink":false,"children":[{"hashValue":"43dd645cd90d516dacd89ed8ddc44866","name":"ConfigDialog.ets","path":"C:\\Users\\26708\\DevEcoStudioProjects\\MyPictureGame\\entry\\src\\main\\ets\\view\\ConfigDialog.ets","type":"file","isSymbolicLink":false,"fileMetaData":{"size":1032,"lastModifiedTime":1730987198677}},{"hashValue":"19d8fae2b0af485bcf4edf84a1e833e5","name":"DifficultySelectComponent.ets","path":"C:\\Users\\26708\\DevEcoStudioProjects\\MyPictureGame\\entry\\src\\main\\ets\\view\\DifficultySelectComponent.ets","type":"file","isSymbolicLink":false,"fileMetaData":{"size":3635,"lastModifiedTime":1730989313488}},{"hashValue":"4299135a74babece610e4a4886bddfc5","name":"ImageSelectComponent.ets","path":"C:\\Users\\26708\\DevEcoStudioProjects\\MyPictureGame\\entry\\src\\main\\ets\\view\\ImageSelectComponent.ets","type":"file","isSymbolicLink":false,"fileMetaData":{"size":5247,"lastModifiedTime":1730988394437}},{"hashValue":"8f15aa6cb2c4b3a951fcc713c9461864","name":"model","path":"C:\\Users\\26708\\DevEcoStudioProjects\\MyPictureGame\\entry\\src\\main\\ets\\view\\model","type":"directory","isSymbolicLink":false,"children":[{"hashValue":"e8275bee68c1d782efbc45c40f5ae034","name":"DifficultyLevels.ets","path":"C:\\Users\\26708\\DevEcoStudioProjects\\MyPictureGame\\entry\\src\\main\\ets\\view\\model\\DifficultyLevels.ets","type":"file","isSymbolicLink":false,"fileMetaData":{"size":234,"lastModifiedTime":1730547261876}},{"hashValue":"7526bcecb9e666a284a0331098ab03b3","name":"ImageResources.ets","path":"C:\\Users\\26708\\DevEcoStudioProjects\\MyPictureGame\\entry\\src\\main\\ets\\view\\model\\ImageResources.ets","type":"file","isSymbolicLink":false,"fileMetaData":{"size":315,"lastModifiedTime":1731134488924}}]},{"hashValue":"d1c18ae848ee2edc635aa16860089450","name":"OriginImageDialog.ets","path":"C:\\Users\\26708\\DevEcoStudioProjects\\MyPictureGame\\entry\\src\\main\\ets\\view\\OriginImageDialog.ets","type":"file","isSymbolicLink":false,"fileMetaData":{"size":904,"lastModifiedTime":1730545667149}},{"hashValue":"de4770d11ea1a4639f70d4cdd1b2483a","name":"SuccessDialog.ets","path":"C:\\Users\\26708\\DevEcoStudioProjects\\MyPictureGame\\entry\\src\\main\\ets\\view\\SuccessDialog.ets","type":"file","isSymbolicLink":false,"fileMetaData":{"size":3016,"lastModifiedTime":1730988059783}},{"hashValue":"2718b64fdb632feb53093fd7b9ebaf53","name":"TimerComponent.ets","path":"C:\\Users\\26708\\DevEcoStudioProjects\\MyPictureGame\\entry\\src\\main\\ets\\view\\TimerComponent.ets","type":"file","isSymbolicLink":false,"fileMetaData":{"size":1125,"lastModifiedTime":1730981101400}},{"hashValue":"4a975e79bbb624a0d854c376fe709f97","name":"TitleComponent.ets","path":"C:\\Users\\26708\\DevEcoStudioProjects\\MyPictureGame\\entry\\src\\main\\ets\\view\\TitleComponent.ets","type":"file","isSymbolicLink":false,"fileMetaData":{"size":158,"lastModifiedTime":1730545667150}}]}]},"C:\\Users\\26708\\DevEcoStudioProjects\\MyPictureGame\\entry\\build\\default\\intermediates\\loader_out\\default\\ets":{"hashValue":"7717d46e194e3e1a5de38870b58ae1f7","name":"ets","path":"C:\\Users\\26708\\DevEcoStudioProjects\\MyPictureGame\\entry\\build\\default\\intermediates\\loader_out\\default\\ets","type":"directory","isSymbolicLink":false,"children":[{"hashValue":"3b4b350c00c67a6177f09de5205a7a4f","name":"modules.abc","path":"C:\\Users\\26708\\DevEcoStudioProjects\\MyPictureGame\\entry\\build\\default\\intermediates\\loader_out\\default\\ets\\modules.abc","type":"file","isSymbolicLink":false,"fileMetaData":{"size":134360,"lastModifiedTime":1731134489932}},{"hashValue":"c125b71e019318b07d6416a42a4dad18","name":"sourceMaps.map","path":"C:\\Users\\26708\\DevEcoStudioProjects\\MyPictureGame\\entry\\build\\default\\intermediates\\loader_out\\default\\ets\\sourceMaps.map","type":"file","isSymbolicLink":false,"fileMetaData":{"size":41808,"lastModifiedTime":1731134489859}}]},"C:\\Users\\26708\\DevEcoStudioProjects\\MyPictureGame\\entry\\build\\default\\intermediates\\stripped_native_libs\\default":{"hashValue":"","name":"default","path":"C:\\Users\\26708\\DevEcoStudioProjects\\MyPictureGame\\entry\\build\\default\\intermediates\\stripped_native_libs\\default","type":"directory","isSymbolicLink":false,"children":[]},"C:\\Users\\26708\\DevEcoStudioProjects\\MyPictureGame\\entry\\build\\default\\intermediates\\patch\\default\\base_native_libs.json":{"hashValue":"d11a2393b4877b6122069090e76232f6","name":"base_native_libs.json","path":"C:\\Users\\26708\\DevEcoStudioProjects\\MyPictureGame\\entry\\build\\default\\intermediates\\patch\\default\\base_native_libs.json","type":"file","isSymbolicLink":false,"fileMetaData":{"size":25,"lastModifiedTime":1730549600501}},"C:\\Users\\26708\\DevEcoStudioProjects\\MyPictureGame\\entry\\build\\default\\intermediates\\package\\default\\module.json":{"hashValue":"0f2e77b9662b3c8bb6d7f961b308c21a","name":"module.json","path":"C:\\Users\\26708\\DevEcoStudioProjects\\MyPictureGame\\entry\\build\\default\\intermediates\\package\\default\\module.json","type":"file","isSymbolicLink":false,"fileMetaData":{"size":1476,"lastModifiedTime":1731134469986}},"C:\\Users\\26708\\DevEcoStudioProjects\\MyPictureGame\\entry\\build\\default\\intermediates\\res\\default\\resources":{"hashValue":"82cc3e653e020603b012391bc8ef0055","name":"resources","path":"C:\\Users\\26708\\DevEcoStudioProjects\\MyPictureGame\\entry\\build\\default\\intermediates\\res\\default\\resources","type":"directory","isSymbolicLink":false,"children":[{"hashValue":"d87899c0de10ed89ee6bd7b8f8bcd054","name":"base","path":"C:\\Users\\26708\\DevEcoStudioProjects\\MyPictureGame\\entry\\build\\default\\intermediates\\res\\default\\resources\\base","type":"directory","isSymbolicLink":false,"children":[{"hashValue":"6c2464be5f480970064e6e85477d69d1","name":"media","path":"C:\\Users\\26708\\DevEcoStudioProjects\\MyPictureGame\\entry\\build\\default\\intermediates\\res\\default\\resources\\base\\media","type":"directory","isSymbolicLink":false,"children":[{"hashValue":"4ee44e406ed76251eb97ab6169a0c854","name":"album.png","path":"C:\\Users\\26708\\DevEcoStudioProjects\\MyPictureGame\\entry\\build\\default\\intermediates\\res\\default\\resources\\base\\media\\album.png","type":"file","isSymbolicLink":false,"fileMetaData":{"size":6718,"lastModifiedTime":1730545667155}},{"hashValue":"6051eb412a85329da8c2b82f699a7778","name":"app_icon.png","path":"C:\\Users\\26708\\DevEcoStudioProjects\\MyPictureGame\\entry\\build\\default\\intermediates\\res\\default\\resources\\base\\media\\app_icon.png","type":"file","isSymbolicLink":false,"fileMetaData":{"size":2777,"lastModifiedTime":1730549562432}},{"hashValue":"c67c2da3aea6c65a395154737e959faf","name":"back.png","path":"C:\\Users\\26708\\DevEcoStudioProjects\\MyPictureGame\\entry\\build\\default\\intermediates\\res\\default\\resources\\base\\media\\back.png","type":"file","isSymbolicLink":false,"fileMetaData":{"size":3028057,"lastModifiedTime":1730979540076}},{"hashValue":"a881aa7b0c9e6e97a35bce3fafbe7e55","name":"bushu.png","path":"C:\\Users\\26708\\DevEcoStudioProjects\\MyPictureGame\\entry\\build\\default\\intermediates\\res\\default\\resources\\base\\media\\bushu.png","type":"file","isSymbolicLink":false,"fileMetaData":{"size":1322,"lastModifiedTime":1730885100861}},{"hashValue":"201991ad539d25f653c9b9f9f163bdee","name":"button_back.png","path":"C:\\Users\\26708\\DevEcoStudioProjects\\MyPictureGame\\entry\\build\\default\\intermediates\\res\\default\\resources\\base\\media\\button_back.png","type":"file","isSymbolicLink":false,"fileMetaData":{"size":83680,"lastModifiedTime":1730899886968}},{"hashValue":"a74d40e4f892958a7724579e6d64081a","name":"button_bg.jpg","path":"C:\\Users\\26708\\DevEcoStudioProjects\\MyPictureGame\\entry\\build\\default\\intermediates\\res\\default\\resources\\base\\media\\button_bg.jpg","type":"file","isSymbolicLink":false,"fileMetaData":{"size":35946,"lastModifiedTime":1730909034355}},{"hashValue":"d90cc737f3539c6e7643929c92863517","name":"config.png","path":"C:\\Users\\26708\\DevEcoStudioProjects\\MyPictureGame\\entry\\build\\default\\intermediates\\res\\default\\resources\\base\\media\\config.png","type":"file","isSymbolicLink":false,"fileMetaData":{"size":1300,"lastModifiedTime":1730885910657}},{"hashValue":"46655091ea6c0b009284f3e3870066ae","name":"congratulation.png","path":"C:\\Users\\26708\\DevEcoStudioProjects\\MyPictureGame\\entry\\build\\default\\intermediates\\res\\default\\resources\\base\\media\\congratulation.png","type":"file","isSymbolicLink":false,"fileMetaData":{"size":25769,"lastModifiedTime":1730545667156}},{"hashValue":"42fb9367c77ab281d4ce329ffb7081e4","name":"icon.png","path":"C:\\Users\\26708\\DevEcoStudioProjects\\MyPictureGame\\entry\\build\\default\\intermediates\\res\\default\\resources\\base\\media\\icon.png","type":"file","isSymbolicLink":false,"fileMetaData":{"size":6790,"lastModifiedTime":1730545667157}},{"hashValue":"9dc18e009adfdb62bffeecb3579f7920","name":"img_1.png","path":"C:\\Users\\26708\\DevEcoStudioProjects\\MyPictureGame\\entry\\build\\default\\intermediates\\res\\default\\resources\\base\\media\\img_1.png","type":"file","isSymbolicLink":false,"fileMetaData":{"size":54686,"lastModifiedTime":1731134293302}},{"hashValue":"229a696babeac283d72c4ee01907e99c","name":"img_2.png","path":"C:\\Users\\26708\\DevEcoStudioProjects\\MyPictureGame\\entry\\build\\default\\intermediates\\res\\default\\resources\\base\\media\\img_2.png","type":"file","isSymbolicLink":false,"fileMetaData":{"size":45666,"lastModifiedTime":1731134334775}},{"hashValue":"01d7521b8a1eee99fbe1a9fb96954ed8","name":"img_3.png","path":"C:\\Users\\26708\\DevEcoStudioProjects\\MyPictureGame\\entry\\build\\default\\intermediates\\res\\default\\resources\\base\\media\\img_3.png","type":"file","isSymbolicLink":false,"fileMetaData":{"size":39664,"lastModifiedTime":1731134300907}},{"hashValue":"041906c570ecd257763d2f00bb425676","name":"img_4.png","path":"C:\\Users\\26708\\DevEcoStudioProjects\\MyPictureGame\\entry\\build\\default\\intermediates\\res\\default\\resources\\base\\media\\img_4.png","type":"file","isSymbolicLink":false,"fileMetaData":{"size":90218,"lastModifiedTime":1731134326342}},{"hashValue":"85d0c61b918269a3967906d5e8880ba3","name":"img_5.png","path":"C:\\Users\\26708\\DevEcoStudioProjects\\MyPictureGame\\entry\\build\\default\\intermediates\\res\\default\\resources\\base\\media\\img_5.png","type":"file","isSymbolicLink":false,"fileMetaData":{"size":85006,"lastModifiedTime":1731134305347}},{"hashValue":"de60ff4cb96a1400fcc12cd89b71ddb6","name":"img_6.png","path":"C:\\Users\\26708\\DevEcoStudioProjects\\MyPictureGame\\entry\\build\\default\\intermediates\\res\\default\\resources\\base\\media\\img_6.png","type":"file","isSymbolicLink":false,"fileMetaData":{"size":41788,"lastModifiedTime":1731134226144}},{"hashValue":"d1beced1686a0952b6cf9f0b12a633ee","name":"img_7.png","path":"C:\\Users\\26708\\DevEcoStudioProjects\\MyPictureGame\\entry\\build\\default\\intermediates\\res\\default\\resources\\base\\media\\img_7.png","type":"file","isSymbolicLink":false,"fileMetaData":{"size":37484,"lastModifiedTime":1731134312902}},{"hashValue":"fe402d30a5b52f78e86f106bbca30942","name":"img_8.png","path":"C:\\Users\\26708\\DevEcoStudioProjects\\MyPictureGame\\entry\\build\\default\\intermediates\\res\\default\\resources\\base\\media\\img_8.png","type":"file","isSymbolicLink":false,"fileMetaData":{"size":6406,"lastModifiedTime":1731134278065}},{"hashValue":"a11754bae69cef68c322ed226dc23868","name":"img_9.png","path":"C:\\Users\\26708\\DevEcoStudioProjects\\MyPictureGame\\entry\\build\\default\\intermediates\\res\\default\\resources\\base\\media\\img_9.png","type":"file","isSymbolicLink":false,"fileMetaData":{"size":29240,"lastModifiedTime":1731134288868}},{"hashValue":"2b710edd56fff3aefe6fce16987357fe","name":"musebg.jpg","path":"C:\\Users\\26708\\DevEcoStudioProjects\\MyPictureGame\\entry\\build\\default\\intermediates\\res\\default\\resources\\base\\media\\musebg.jpg","type":"file","isSymbolicLink":false,"fileMetaData":{"size":439483,"lastModifiedTime":1730868393602}},{"hashValue":"bdf57f17a6468ec73fd9cfd3fb15c386","name":"pause.png","path":"C:\\Users\\26708\\DevEcoStudioProjects\\MyPictureGame\\entry\\build\\default\\intermediates\\res\\default\\resources\\base\\media\\pause.png","type":"file","isSymbolicLink":false,"fileMetaData":{"size":3028057,"lastModifiedTime":1730979537561}},{"hashValue":"cee32bbbf8a28de59af0f1e6154f3981","name":"pintu.png","path":"C:\\Users\\26708\\DevEcoStudioProjects\\MyPictureGame\\entry\\build\\default\\intermediates\\res\\default\\resources\\base\\media\\pintu.png","type":"file","isSymbolicLink":false,"fileMetaData":{"size":22678,"lastModifiedTime":1730908783160}},{"hashValue":"c769d56f7f0b9c13766902debac1e2a8","name":"reset.png","path":"C:\\Users\\26708\\DevEcoStudioProjects\\MyPictureGame\\entry\\build\\default\\intermediates\\res\\default\\resources\\base\\media\\reset.png","type":"file","isSymbolicLink":false,"fileMetaData":{"size":3028057,"lastModifiedTime":1730979549547}},{"hashValue":"0daa8e16f5f3a901dfa06f1f27ea637f","name":"restart.png","path":"C:\\Users\\26708\\DevEcoStudioProjects\\MyPictureGame\\entry\\build\\default\\intermediates\\res\\default\\resources\\base\\media\\restart.png","type":"file","isSymbolicLink":false,"fileMetaData":{"size":3028057,"lastModifiedTime":1730979540920}},{"hashValue":"2c22a33a76c7258ee9fc78460a914097","name":"row_title.png","path":"C:\\Users\\26708\\DevEcoStudioProjects\\MyPictureGame\\entry\\build\\default\\intermediates\\res\\default\\resources\\base\\media\\row_title.png","type":"file","isSymbolicLink":false,"fileMetaData":{"size":22393,"lastModifiedTime":1730977143863}},{"hashValue":"f6fae9db2f924c2478d2b842502f64b3","name":"setting.png","path":"C:\\Users\\26708\\DevEcoStudioProjects\\MyPictureGame\\entry\\build\\default\\intermediates\\res\\default\\resources\\base\\media\\setting.png","type":"file","isSymbolicLink":false,"fileMetaData":{"size":296429,"lastModifiedTime":1730980045874}},{"hashValue":"70894618a47bc35904429206cc11913f","name":"timer.png","path":"C:\\Users\\26708\\DevEcoStudioProjects\\MyPictureGame\\entry\\build\\default\\intermediates\\res\\default\\resources\\base\\media\\timer.png","type":"file","isSymbolicLink":false,"fileMetaData":{"size":31767,"lastModifiedTime":1730545667193}}]},{"hashValue":"30fd32da2607452f5ce2d18086916722","name":"profile","path":"C:\\Users\\26708\\DevEcoStudioProjects\\MyPictureGame\\entry\\build\\default\\intermediates\\res\\default\\resources\\base\\profile","type":"directory","isSymbolicLink":false,"children":[{"hashValue":"a652325adbbcadcbcf59c76e5edc40d8","name":"main_pages.json","path":"C:\\Users\\26708\\DevEcoStudioProjects\\MyPictureGame\\entry\\build\\default\\intermediates\\res\\default\\resources\\base\\profile\\main_pages.json","type":"file","isSymbolicLink":false,"fileMetaData":{"size":86,"lastModifiedTime":1730989200219}}]}]},{"hashValue":"2353f6cf9eab082c3a1992429a51da3d","name":"rawfile","path":"C:\\Users\\26708\\DevEcoStudioProjects\\MyPictureGame\\entry\\build\\default\\intermediates\\res\\default\\resources\\rawfile","type":"directory","isSymbolicLink":false,"children":[{"hashValue":"b2d6ac6284a5a0e79dccef8a0c1fef94","name":"test_01.mp3","path":"C:\\Users\\26708\\DevEcoStudioProjects\\MyPictureGame\\entry\\build\\default\\intermediates\\res\\default\\resources\\rawfile\\test_01.mp3","type":"file","isSymbolicLink":false,"fileMetaData":{"size":15360,"lastModifiedTime":1730866475829}},{"hashValue":"5337185a6cf08bb3e0513e223526c119","name":"test_02.mp3","path":"C:\\Users\\26708\\DevEcoStudioProjects\\MyPictureGame\\entry\\build\\default\\intermediates\\res\\default\\resources\\rawfile\\test_02.mp3","type":"file","isSymbolicLink":false,"fileMetaData":{"size":3479092,"lastModifiedTime":1730866745156}},{"hashValue":"4847dcadc4c0969d99dedf934f7778c2","name":"test_03.mp3","path":"C:\\Users\\26708\\DevEcoStudioProjects\\MyPictureGame\\entry\\build\\default\\intermediates\\res\\default\\resources\\rawfile\\test_03.mp3","type":"file","isSymbolicLink":false,"fileMetaData":{"size":1029600,"lastModifiedTime":1730867638282}}]}]},"C:\\Users\\26708\\DevEcoStudioProjects\\MyPictureGame\\entry\\build\\default\\intermediates\\res\\default\\resources.index":{"hashValue":"664d2e7f1deab9e9e0f0808dbfbd97d2","name":"resources.index","path":"C:\\Users\\26708\\DevEcoStudioProjects\\MyPictureGame\\entry\\build\\default\\intermediates\\res\\default\\resources.index","type":"file","isSymbolicLink":false,"fileMetaData":{"size":2702,"lastModifiedTime":1731134469987}},"C:\\Users\\26708\\DevEcoStudioProjects\\MyPictureGame\\entry\\build\\default\\outputs\\default\\entry-default-unsigned.hap":{"hashValue":"3d58e9be3b1bafb298fc5fc8d6c2c4e0","name":"entry-default-unsigned.hap","path":"C:\\Users\\26708\\DevEcoStudioProjects\\MyPictureGame\\entry\\build\\default\\outputs\\default\\entry-default-unsigned.hap","type":"file","isSymbolicLink":false,"fileMetaData":{"size":18228901,"lastModifiedTime":1731134490607}},"C:\\Users\\26708\\DevEcoStudioProjects\\MyPictureGame\\entry\\build\\default\\outputs\\default\\mapping\\sourceMaps.map":{"hashValue":"c125b71e019318b07d6416a42a4dad18","name":"sourceMaps.map","path":"C:\\Users\\26708\\DevEcoStudioProjects\\MyPictureGame\\entry\\build\\default\\outputs\\default\\mapping\\sourceMaps.map","type":"file","isSymbolicLink":false,"fileMetaData":{"size":41808,"lastModifiedTime":1731134489859}},"C:\\Users\\26708\\DevEcoStudioProjects\\MyPictureGame\\entry\\build\\default\\intermediates\\loader\\default\\pkgContextInfo.json":{"hashValue":"","name":"emptyroot","path":"","type":"unknown","isSymbolicLink":false,"children":[]},"C:\\Users\\26708\\DevEcoStudioProjects\\MyPictureGame\\build\\cache\\default\\integrated_hsp\\integratedHspCache.json":{"hashValue":"","name":"emptyroot","path":"","type":"unknown","isSymbolicLink":false,"children":[]},"C:\\Users\\26708\\DevEcoStudioProjects\\MyPictureGame\\entry\\build\\default\\intermediates\\syscap\\default\\rpcid.sc":{"hashValue":"","name":"emptyroot","path":"","type":"unknown","isSymbolicLink":false,"children":[]},"C:\\Users\\26708\\DevEcoStudioProjects\\MyPictureGame\\entry\\build\\default\\intermediates\\loader_out\\default\\js":{"hashValue":"","name":"emptyroot","path":"","type":"unknown","isSymbolicLink":false,"children":[]},"C:\\Users\\26708\\DevEcoStudioProjects\\MyPictureGame\\entry\\build\\default\\outputs\\default\\entry-default-signed.hap":{"hashValue":"","name":"emptyroot","path":"","type":"unknown","isSymbolicLink":false,"children":[]}}