{"CACHE_SYNC_FILE_HASH":{"C:\\Users\\26708\\DevEcoStudioProjects\\Cards\\hvigor\\hvigor-config.json5":"9a28c1087f8025ed4913506184c8de4cfe09060633a7651eceb18c6da944dd69","C:\\Users\\26708\\DevEcoStudioProjects\\Cards\\hvigorfile.ts":"3aef34a5d356da4b9d5af61cef80f475bb6217c28bfaf2455495307df7c58e8a","C:\\Users\\26708\\DevEcoStudioProjects\\Cards\\entry\\hvigorfile.ts":"d58066763932a9d3b2f73f8b08c94d59ef21df8ca991dc744ec108d631220588","C:\\Users\\26708\\DevEcoStudioProjects\\Cards\\entry\\oh-package.json5":"71578c5f0b4f06fe42327f31b095def5fec4755760a008787eac12583d67cf48","SDK_LOCATION":"D:/HuaWei/DevEco Studio/sdk","C:\\Users\\26708\\DevEcoStudioProjects\\Cards\\build-profile.json5":"e86563cf10ccedd82089b31cb7d4b224f140b17677b0e01a65d8f06a4fa40a54","C:\\Users\\26708\\DevEcoStudioProjects\\Cards\\oh-package.json5":"82223cfca9591aae3ee8025ce6dd1ead887afdc90268ac498400434a632579e6","C:\\Users\\26708\\DevEcoStudioProjects\\Cards\\entry\\build-profile.json5":"aae894a9d1c2b4aebf33f8593384607eec58ba80acad9a14f8cbd8ed80cb445b","C:\\Users\\26708\\DevEcoStudioProjects\\Cards\\.hvigor\\outputs\\sync\\output.json":"0c09997dd8c41a175d627c86eb934b5e31b917260621242f9d169338420f38f9"},"OHPM_INSTALL_FILE_HASH":{"C:\\Users\\26708\\DevEcoStudioProjects\\Cards\\entry\\oh-package.json5":"71578c5f0b4f06fe42327f31b095def5fec4755760a008787eac12583d67cf48","C:\\Users\\26708\\DevEcoStudioProjects\\Cards\\oh-package.json5":"82223cfca9591aae3ee8025ce6dd1ead887afdc90268ac498400434a632579e6","C:\\Users\\26708\\DevEcoStudioProjects\\Cards\\oh_modules":true,"C:\\Users\\26708\\DevEcoStudioProjects\\Cards\\entry\\oh_modules":false}}