{
  "string": [
    {
      "name": "module_desc",
      "value": "模块描述"
    },
    {
      "name": "EntryAbility_desc",
      "value": "description"
    },
    {
      "name": "EntryAbility_label",
      "value": "天气预报"
    },
    {
      "name": "location_permission",
      "value": "允许应用在前台运行时获取位置信息"
    },
    {
      "name": "background_location_permission",
      "value": "允许应用在后台运行时获取位置信息"
    },
    {
      "name": "fuzzy_location_permission",
      "value": "允许应用获取设备模糊位置信息"
    }
  ]
}