{
  "HVIGOR_OHOS_PLUGIN": {
    "MODULE_CONFIG": [
      {
        "MODULE_NAME": "entry",
        "API_TYPE": "stageMode",
        "TARGETS": [
          {
            "name": "default"
          },
          {
            "name": "ohosTest"
          }
        ],
        "DEVICE_TYPES": [
          "phone",
          "tablet",
          "2in1"
        ],
        "AOT_COMPILE_MODE": "type"
      }
    ],
    "PROJECT_CONFIG": {
      "PRODUCTS": [
        {
          "NAME": "default",
          "COMPATIBLE_SDK_VERSION": "5.0.0(12)",
          "RUNTIMEOS": "HarmonyOS"
        }
      ],
      "BUILD_MODE_SET": [
        {
          "NAME": "debug"
        },
        {
          "NAME": "release"
        }
      ],
      "MODULES": [
        {
          "TARGETS": [
            {
              "NAME": "default"
            }
          ]
        }
      ],
      "BUILD_MODE": "debug"
    }
  },
  "totalTime": 15556435700,
  "moduleNum": 1,
  "taskTime": {
    "compileArkTS": 0,
    "buildArkTS": 0,
    "compileJS": 0,
    "buildJS": 5258200,
    "compileResource": 0,
    "packageHap": 0,
    "signHap": 5032800
  },
  "isIncremental": true,
  "hasIncremental": true,
  "isParallel": true,
  "IS_DAEMON": true,
  "LOG_LEVEL": "INFO",
  "IS_HVIGORFILE_TYPE_CHECK": false,
  "TASK_TIME": {
    "entry": {
      "ConfigureCmake": 8669400,
      "PreCheckSyscap": 885300,
      "GeneratePkgContextInfo": 1816400,
      "ProcessIntegratedHsp": 4397600,
      "BuildNativeWithCmake": 1313600,
      "SyscapTransform": 55353400,
      "BuildNativeWithNinja": 1587900,
      "BuildJS": 5258200,
      "SignHap": 5032800,
      "assembleHap": 1190700
    }
  },
  "BUILD_ID": "202410211737483470"
}