{
  "color": [
    {
      "name": "start_window_background",
      "value": "#FFFFFF"
    },
    {
      "name": "card_background",
      "value": "#7C09281B"
    },
    {
      "name": "text_fontcolor",
      "value": "#FFFFFF"
    },
    {
      "name": "text_fontcolor_gray",
      "value": "#FFFFFF"
    },

    {
      "name": "rainy_backgroundcolor",
      "value": "#FF606060"
    },
    {
      "name": "snowy_backgroundcolor",
      "value": "#FFDED8D8"
    },
    {
      "name": "default_backgroundcolor",
      "value": "#ff2ca3e2"
    }
  ]
}