{
  "ohos-module-entry": {
    "SELECT_TARGET": "default",
    "MODULE_BUILD_DIR": "C:\\Users\\26708\\DevEcoStudioProjects\\MyPictureGame\\entry\\build",
    "DEPENDENCY_INFO": {},
    "TARGETS": {
      "default": {
        "SOURCE_ROOT": "C:\\Users\\26708\\DevEcoStudioProjects\\MyPictureGame\\entry\\src\\main",
        "RESOURCES_PATH": [
          "C:\\Users\\26708\\DevEcoStudioProjects\\MyPictureGame\\entry\\src\\main\\resources"
        ],
        "BUILD_PATH": {
          "OUTPUT_PATH": "C:\\Users\\26708\\DevEcoStudioProjects\\MyPictureGame\\entry\\build\\default\\outputs\\default",
          "INTERMEDIA_PATH": "C:\\Users\\26708\\DevEcoStudioProjects\\MyPictureGame\\entry\\build\\default\\intermediates",
          "JS_ASSETS_PATH": "C:\\Users\\26708\\DevEcoStudioProjects\\MyPictureGame\\entry\\build\\default\\intermediates\\loader_out\\default",
          "JS_LITE_ASSETS_PATH": "C:\\Users\\26708\\DevEcoStudioProjects\\MyPictureGame\\entry\\build\\default\\intermediates\\loader_out_lite\\default",
          "RES_PATH": "C:\\Users\\26708\\DevEcoStudioProjects\\MyPictureGame\\entry\\build\\default\\intermediates\\res\\default",
          "RES_PROFILE_PATH": "C:\\Users\\26708\\DevEcoStudioProjects\\MyPictureGame\\entry\\build\\default\\intermediates\\res\\default\\resources\\base\\profile",
          "ETS_SUPER_VISUAL_PATH": "C:\\Users\\26708\\DevEcoStudioProjects\\MyPictureGame\\entry\\build\\default\\cache\\default\\default@CompileArkTS\\esmodule",
          "JS_SUPER_VISUAL_PATH": "C:\\Users\\26708\\DevEcoStudioProjects\\MyPictureGame\\entry\\build\\default\\cache\\default\\default@CompileJS\\jsbundle",
          "WORKER_LOADER": "C:\\Users\\26708\\DevEcoStudioProjects\\MyPictureGame\\entry\\build\\default\\intermediates\\loader\\default\\loader.json",
          "MANIFEST_JSON": "C:\\Users\\26708\\DevEcoStudioProjects\\MyPictureGame\\entry\\build\\default\\intermediates\\manifest\\default",
          "OUTPUT_METADATA_JSON": "C:\\Users\\26708\\DevEcoStudioProjects\\MyPictureGame\\entry\\build\\default\\intermediates\\hap_metadata\\default\\output_metadata.json"
        },
        "BUILD_OPTION": {
          "debuggable": true
        }
      },
      "ohosTest": {
        "SOURCE_ROOT": "C:\\Users\\26708\\DevEcoStudioProjects\\MyPictureGame\\entry\\src\\ohosTest",
        "RESOURCES_PATH": [
          "C:\\Users\\26708\\DevEcoStudioProjects\\MyPictureGame\\entry\\src\\ohosTest\\resources"
        ],
        "BUILD_PATH": {
          "OUTPUT_PATH": "C:\\Users\\26708\\DevEcoStudioProjects\\MyPictureGame\\entry\\build\\default\\outputs\\ohosTest",
          "INTERMEDIA_PATH": "C:\\Users\\26708\\DevEcoStudioProjects\\MyPictureGame\\entry\\build\\default\\intermediates",
          "JS_ASSETS_PATH": "C:\\Users\\26708\\DevEcoStudioProjects\\MyPictureGame\\entry\\build\\default\\intermediates\\loader_out\\ohosTest",
          "JS_LITE_ASSETS_PATH": "C:\\Users\\26708\\DevEcoStudioProjects\\MyPictureGame\\entry\\build\\default\\intermediates\\loader_out_lite\\ohosTest",
          "RES_PATH": "C:\\Users\\26708\\DevEcoStudioProjects\\MyPictureGame\\entry\\build\\default\\intermediates\\res\\ohosTest",
          "RES_PROFILE_PATH": "C:\\Users\\26708\\DevEcoStudioProjects\\MyPictureGame\\entry\\build\\default\\intermediates\\res\\ohosTest\\resources\\base\\profile",
          "ETS_SUPER_VISUAL_PATH": "C:\\Users\\26708\\DevEcoStudioProjects\\MyPictureGame\\entry\\build\\default\\cache\\ohosTest\\ohosTest@OhosTestCompileArkTS\\esmodule",
          "JS_SUPER_VISUAL_PATH": "C:\\Users\\26708\\DevEcoStudioProjects\\MyPictureGame\\entry\\build\\default\\cache\\ohosTest\\ohosTest@OhosTestCompileJS\\jsbundle",
          "WORKER_LOADER": "C:\\Users\\26708\\DevEcoStudioProjects\\MyPictureGame\\entry\\build\\default\\intermediates\\loader\\ohosTest\\loader.json",
          "MANIFEST_JSON": "C:\\Users\\26708\\DevEcoStudioProjects\\MyPictureGame\\entry\\build\\default\\intermediates\\manifest\\ohosTest",
          "OUTPUT_METADATA_JSON": "C:\\Users\\26708\\DevEcoStudioProjects\\MyPictureGame\\entry\\build\\default\\intermediates\\hap_metadata\\ohosTest\\output_metadata.json"
        },
        "BUILD_OPTION": {
          "debuggable": true
        }
      }
    },
    "BUILD_OPTION": {
      "default-default": {
        "debuggable": true,
        "copyFrom": "default",
        "strictMode": {
          "caseSensitiveCheck": true
        },
        "name": "debug"
      }
    },
    "BUILD_PROFILE_OPT": {
      "apiType": "stageMode",
      "buildOption": {},
      "buildOptionSet": [
        {
          "name": "release",
          "arkOptions": {
            "obfuscation": {
              "ruleOptions": {
                "enable": false,
                "files": [
                  "./obfuscation-rules.txt"
                ]
              }
            }
          }
        },
        {
          "name": "default"
        },
        {
          "name": "debug"
        }
      ],
      "targets": [
        {
          "name": "default"
        },
        {
          "name": "ohosTest"
        }
      ]
    }
  },
  "ohos-project": {
    "SELECT_PRODUCT_NAME": "default",
    "MODULE_BUILD_DIR": "C:\\Users\\26708\\DevEcoStudioProjects\\MyPictureGame\\build",
    "BUNDLE_NAME": "com.example.mypicturegame",
    "BUILD_PATH": {
      "OUTPUT_PATH": "C:\\Users\\26708\\DevEcoStudioProjects\\MyPictureGame\\build\\outputs\\default"
    },
    "MODULES": [
      {
        "name": "entry",
        "srcPath": "C:\\Users\\26708\\DevEcoStudioProjects\\MyPictureGame\\entry",
        "targets": [
          {
            "name": "default",
            "applyToProducts": [
              "default"
            ]
          }
        ],
        "belongProjectPath": "C:\\Users\\26708\\DevEcoStudioProjects\\MyPictureGame"
      }
    ],
    "PROFILE_OPT": {
      "app": {
        "signingConfigs": [],
        "products": [
          {
            "name": "default",
            "signingConfig": "default",
            "compatibleSdkVersion": "5.0.0(12)",
            "runtimeOS": "HarmonyOS",
            "buildOption": {
              "strictMode": {
                "caseSensitiveCheck": true
              }
            }
          }
        ],
        "buildModeSet": [
          {
            "name": "debug"
          },
          {
            "name": "release"
          }
        ]
      },
      "modules": [
        {
          "name": "entry",
          "srcPath": "./entry",
          "targets": [
            {
              "name": "default",
              "applyToProducts": [
                "default"
              ]
            }
          ]
        }
      ]
    },
    "CONFIG_PROPERTIES": {
      "enableSignTask": true,
      "skipNativeIncremental": false,
      "hvigor.keepDependency": true
    },
    "OVERALL_PROJECT_PATHS": [
      "C:\\Users\\26708\\DevEcoStudioProjects\\MyPictureGame"
    ]
  },
  "version": 1
}