{"C:\\Users\\26708\\DevEcoStudioProjects\\Weather-master\\AppScope\\app.json5":{"hashValue":"6f06c1f80f060a12e98123be3b67aaa4","name":"app.json5","path":"C:\\Users\\26708\\DevEcoStudioProjects\\Weather-master\\AppScope\\app.json5","type":"file","isSymbolicLink":false,"fileMetaData":{"size":206,"lastModifiedTime":1733215435704}},"C:\\Users\\26708\\DevEcoStudioProjects\\Weather-master\\entry\\src\\main\\module.json5":{"hashValue":"4b12329bf7a45faccd7e368e36e1d0d8","name":"module.json5","path":"C:\\Users\\26708\\DevEcoStudioProjects\\Weather-master\\entry\\src\\main\\module.json5","type":"file","isSymbolicLink":false,"fileMetaData":{"size":2130,"lastModifiedTime":1733215435966}},"C:\\Users\\26708\\DevEcoStudioProjects\\Weather-master\\build-profile.json5":{"hashValue":"aa82e374b3e5035d23e886e98294ca1f","name":"build-profile.json5","path":"C:\\Users\\26708\\DevEcoStudioProjects\\Weather-master\\build-profile.json5","type":"file","isSymbolicLink":false,"fileMetaData":{"size":563,"lastModifiedTime":1733215435593}},"C:\\Users\\26708\\DevEcoStudioProjects\\Weather-master\\entry\\build-profile.json5":{"hashValue":"9bbf4457532f51420b8abf800db0a9d0","name":"build-profile.json5","path":"C:\\Users\\26708\\DevEcoStudioProjects\\Weather-master\\entry\\build-profile.json5","type":"file","isSymbolicLink":false,"fileMetaData":{"size":421,"lastModifiedTime":1733215435847}},"C:\\Users\\26708\\DevEcoStudioProjects\\Weather-master\\entry\\src\\main\\resources\\base\\profile\\main_pages.json":{"hashValue":"99f1f65424c8a78cf52587ad476ebf0d","name":"main_pages.json","path":"C:\\Users\\26708\\DevEcoStudioProjects\\Weather-master\\entry\\src\\main\\resources\\base\\profile\\main_pages.json","type":"file","isSymbolicLink":false,"fileMetaData":{"size":60,"lastModifiedTime":1733215439787}},"C:\\Users\\26708\\DevEcoStudioProjects\\Weather-master\\hvigor\\hvigor-config.json5":{"hashValue":"c0dfdf0f353a4d0986e29e506d770333","name":"hvigor-config.json5","path":"C:\\Users\\26708\\DevEcoStudioProjects\\Weather-master\\hvigor\\hvigor-config.json5","type":"file","isSymbolicLink":false,"fileMetaData":{"size":1301,"lastModifiedTime":1733215440087}},"C:\\Users\\26708\\DevEcoStudioProjects\\Weather-master\\entry\\src\\mock\\mock-config.json5":{"hashValue":"65bd671ce876768bbfd0081ef2c01c16","name":"mock-config.json5","path":"C:\\Users\\26708\\DevEcoStudioProjects\\Weather-master\\entry\\src\\mock\\mock-config.json5","type":"file","isSymbolicLink":false,"fileMetaData":{"size":3,"lastModifiedTime":1733215439886}},"C:\\Users\\26708\\DevEcoStudioProjects\\Weather-master\\entry\\oh-package.json5":{"hashValue":"867485b77c99e7990ac987fe4fdb36cb","name":"oh-package.json5","path":"C:\\Users\\26708\\DevEcoStudioProjects\\Weather-master\\entry\\oh-package.json5","type":"file","isSymbolicLink":false,"fileMetaData":{"size":173,"lastModifiedTime":1733215435930}},"C:\\Users\\26708\\DevEcoStudioProjects\\Weather-master\\entry\\build\\default\\intermediates\\hap_metadata\\default\\output_metadata.json":{"hashValue":"d877d6de1b4856dfb4860e2799dc7ccd","name":"output_metadata.json","path":"C:\\Users\\26708\\DevEcoStudioProjects\\Weather-master\\entry\\build\\default\\intermediates\\hap_metadata\\default\\output_metadata.json","type":"file","isSymbolicLink":false,"fileMetaData":{"size":100,"lastModifiedTime":1733215527854}},"C:\\Users\\26708\\DevEcoStudioProjects\\Weather-master\\entry\\build\\default\\intermediates\\merge_profile\\default\\module.json":{"hashValue":"0cd18b3dd8942c18265c6d9d38667bbe","name":"module.json","path":"C:\\Users\\26708\\DevEcoStudioProjects\\Weather-master\\entry\\build\\default\\intermediates\\merge_profile\\default\\module.json","type":"file","isSymbolicLink":false,"fileMetaData":{"size":2242,"lastModifiedTime":1733215527868}},"C:\\Users\\26708\\DevEcoStudioProjects\\Weather-master\\entry\\build\\default\\generated\\profile\\default\\BuildProfile.ets":{"hashValue":"1b9b92e38e60a82bb7845a1dcccdaa6b","name":"BuildProfile.ets","path":"C:\\Users\\26708\\DevEcoStudioProjects\\Weather-master\\entry\\build\\default\\generated\\profile\\default\\BuildProfile.ets","type":"file","isSymbolicLink":false,"fileMetaData":{"size":864,"lastModifiedTime":1733215527877}},"C:\\Users\\26708\\DevEcoStudioProjects\\Weather-master\\entry\\src\\main\\resources\\base\\profile\\backup_config.json":{"hashValue":"421143356529e86d1f2fb0954bad57a7","name":"backup_config.json","path":"C:\\Users\\26708\\DevEcoStudioProjects\\Weather-master\\entry\\src\\main\\resources\\base\\profile\\backup_config.json","type":"file","isSymbolicLink":false,"fileMetaData":{"size":34,"lastModifiedTime":1733215439760}},"C:\\Users\\26708\\DevEcoStudioProjects\\Weather-master\\entry\\build\\default\\outputs\\default\\pack.info":{"hashValue":"3c61d617d999f94f7cb3685bb21e8d74","name":"pack.info","path":"C:\\Users\\26708\\DevEcoStudioProjects\\Weather-master\\entry\\build\\default\\outputs\\default\\pack.info","type":"file","isSymbolicLink":false,"fileMetaData":{"size":636,"lastModifiedTime":1733215527943}},"C:\\Users\\26708\\DevEcoStudioProjects\\Weather-master\\entry\\build\\default\\intermediates\\process_profile\\default\\module.json":{"hashValue":"a78f422122f8fc88c9651916f33b34a7","name":"module.json","path":"C:\\Users\\26708\\DevEcoStudioProjects\\Weather-master\\entry\\build\\default\\intermediates\\process_profile\\default\\module.json","type":"file","isSymbolicLink":false,"fileMetaData":{"size":2328,"lastModifiedTime":1733215528262}},"D:\\HuaWei\\DevEco Studio\\sdk\\HarmonyOS-NEXT-DB6\\openharmony\\toolchains\\syscap_tool.exe":{"hashValue":"ed5d0c1cf0f8d312009b21725739e5c0","name":"syscap_tool.exe","path":"D:\\HuaWei\\DevEco Studio\\sdk\\HarmonyOS-NEXT-DB6\\openharmony\\toolchains\\syscap_tool.exe","type":"file","isSymbolicLink":false,"fileMetaData":{"size":334336,"lastModifiedTime":1724385431000}},"D:\\HuaWei\\DevEco Studio\\sdk\\HarmonyOS-NEXT-DB6\\openharmony\\ets\\api\\device-define":{"hashValue":"a789f8391da7d330a64c0b399c24ed39","name":"device-define","path":"D:\\HuaWei\\DevEco Studio\\sdk\\HarmonyOS-NEXT-DB6\\openharmony\\ets\\api\\device-define","type":"directory","isSymbolicLink":false,"children":[{"hashValue":"0052bddfadd4a7630a2f946f0693c85c","name":"default.json","path":"D:\\HuaWei\\DevEco Studio\\sdk\\HarmonyOS-NEXT-DB6\\openharmony\\ets\\api\\device-define\\default.json","type":"file","isSymbolicLink":false,"fileMetaData":{"size":11679,"lastModifiedTime":1724385431000}},{"hashValue":"e030d1671fe621e782ac6f2d3a999437","name":"liteWearable.json","path":"D:\\HuaWei\\DevEco Studio\\sdk\\HarmonyOS-NEXT-DB6\\openharmony\\ets\\api\\device-define\\liteWearable.json","type":"file","isSymbolicLink":false,"fileMetaData":{"size":686,"lastModifiedTime":1724385431000}},{"hashValue":"bdeb33da7087bbf15a6e78c2f732b319","name":"tablet.json","path":"D:\\HuaWei\\DevEco Studio\\sdk\\HarmonyOS-NEXT-DB6\\openharmony\\ets\\api\\device-define\\tablet.json","type":"file","isSymbolicLink":false,"fileMetaData":{"size":11246,"lastModifiedTime":1724385431000}}]},"C:\\Users\\26708\\DevEcoStudioProjects\\Weather-master\\oh-package.json5":{"hashValue":"fa0ff021190cea1a1156c5fbe13e7ffe","name":"oh-package.json5","path":"C:\\Users\\26708\\DevEcoStudioProjects\\Weather-master\\oh-package.json5","type":"file","isSymbolicLink":false,"fileMetaData":{"size":200,"lastModifiedTime":1733215435674}},"C:\\Users\\26708\\DevEcoStudioProjects\\Weather-master\\entry\\build\\default\\intermediates\\router_map\\default\\temp-router-map.json":{"hashValue":"73468cbfd8206f7eab7063dc052295bb","name":"temp-router-map.json","path":"C:\\Users\\26708\\DevEcoStudioProjects\\Weather-master\\entry\\build\\default\\intermediates\\router_map\\default\\temp-router-map.json","type":"file","isSymbolicLink":false,"fileMetaData":{"size":16,"lastModifiedTime":1733215528281}},"C:\\Users\\26708\\DevEcoStudioProjects\\Weather-master\\entry\\build\\default\\intermediates\\router_map\\default\\loader-router-map.json":{"hashValue":"6f48a3f0bc1e71c1440ea701452f62b5","name":"loader-router-map.json","path":"C:\\Users\\26708\\DevEcoStudioProjects\\Weather-master\\entry\\build\\default\\intermediates\\router_map\\default\\loader-router-map.json","type":"file","isSymbolicLink":false,"fileMetaData":{"size":16,"lastModifiedTime":1733215528282}},"C:\\Users\\26708\\DevEcoStudioProjects\\Weather-master\\entry\\build\\default\\intermediates\\res\\default\\resConfig.json":{"hashValue":"75738f345ff80274c284ba85f5330fcf","name":"resConfig.json","path":"C:\\Users\\26708\\DevEcoStudioProjects\\Weather-master\\entry\\build\\default\\intermediates\\res\\default\\resConfig.json","type":"file","isSymbolicLink":false,"fileMetaData":{"size":1081,"lastModifiedTime":1733215528302}},"C:\\Users\\26708\\DevEcoStudioProjects\\Weather-master\\entry\\build\\default\\intermediates\\loader\\default\\loader.json":{"hashValue":"ecb41574045627621cb128ea09218552","name":"loader.json","path":"C:\\Users\\26708\\DevEcoStudioProjects\\Weather-master\\entry\\build\\default\\intermediates\\loader\\default\\loader.json","type":"file","isSymbolicLink":false,"fileMetaData":{"size":999,"lastModifiedTime":1733215528333}},"C:\\Users\\26708\\DevEcoStudioProjects\\Weather-master\\entry\\build\\default\\intermediates\\libs\\default":{"hashValue":"","name":"default","path":"C:\\Users\\26708\\DevEcoStudioProjects\\Weather-master\\entry\\build\\default\\intermediates\\libs\\default","type":"directory","isSymbolicLink":false,"children":[]},"C:\\Users\\26708\\DevEcoStudioProjects\\Weather-master\\entry\\src\\main\\resources":{"hashValue":"389f2c26185325f471582adb27bca793","name":"resources","path":"C:\\Users\\26708\\DevEcoStudioProjects\\Weather-master\\entry\\src\\main\\resources","type":"directory","isSymbolicLink":false,"children":[{"hashValue":"fee44cdb1574e293ea8d646f033df850","name":"base","path":"C:\\Users\\26708\\DevEcoStudioProjects\\Weather-master\\entry\\src\\main\\resources\\base","type":"directory","isSymbolicLink":false,"children":[{"hashValue":"8f5d83cea4de90e1005757fe6cac84f8","name":"element","path":"C:\\Users\\26708\\DevEcoStudioProjects\\Weather-master\\entry\\src\\main\\resources\\base\\element","type":"directory","isSymbolicLink":false,"children":[{"hashValue":"c6e9b9598094cce6656caab865aced7a","name":"color.json","path":"C:\\Users\\26708\\DevEcoStudioProjects\\Weather-master\\entry\\src\\main\\resources\\base\\element\\color.json","type":"file","isSymbolicLink":false,"fileMetaData":{"size":556,"lastModifiedTime":1733225296061}},{"hashValue":"1a4ac235133feb51b75a4fc63be627ef","name":"string.json","path":"C:\\Users\\26708\\DevEcoStudioProjects\\Weather-master\\entry\\src\\main\\resources\\base\\element\\string.json","type":"file","isSymbolicLink":false,"fileMetaData":{"size":613,"lastModifiedTime":1733215437072}}]},{"hashValue":"eba4927961e9133e33d793ccd4ff16db","name":"media","path":"C:\\Users\\26708\\DevEcoStudioProjects\\Weather-master\\entry\\src\\main\\resources\\base\\media","type":"directory","isSymbolicLink":false,"children":[{"hashValue":"fa0f821a510c6e7e39a8dbc51d10690a","name":"100.svg","path":"C:\\Users\\26708\\DevEcoStudioProjects\\Weather-master\\entry\\src\\main\\resources\\base\\media\\100.svg","type":"file","isSymbolicLink":false,"fileMetaData":{"size":551,"lastModifiedTime":1733228536291}},{"hashValue":"d4b3eae84a09ee5d6e55b2a87178899d","name":"101.svg","path":"C:\\Users\\26708\\DevEcoStudioProjects\\Weather-master\\entry\\src\\main\\resources\\base\\media\\101.svg","type":"file","isSymbolicLink":false,"fileMetaData":{"size":912,"lastModifiedTime":1733228578337}},{"hashValue":"4554c4f2f12950e99a5ffef4ad13852d","name":"102.svg","path":"C:\\Users\\26708\\DevEcoStudioProjects\\Weather-master\\entry\\src\\main\\resources\\base\\media\\102.svg","type":"file","isSymbolicLink":false,"fileMetaData":{"size":912,"lastModifiedTime":1733228578329}},{"hashValue":"552256fd8bf95d25f47bc151fe56b59e","name":"103.svg","path":"C:\\Users\\26708\\DevEcoStudioProjects\\Weather-master\\entry\\src\\main\\resources\\base\\media\\103.svg","type":"file","isSymbolicLink":false,"fileMetaData":{"size":912,"lastModifiedTime":1733228578319}},{"hashValue":"fa57fab9442db5f040b68ed01fae4b4c","name":"104.svg","path":"C:\\Users\\26708\\DevEcoStudioProjects\\Weather-master\\entry\\src\\main\\resources\\base\\media\\104.svg","type":"file","isSymbolicLink":false,"fileMetaData":{"size":569,"lastModifiedTime":1733228603791}},{"hashValue":"db1ca93b7e7e2ea9e74f4d96664829f1","name":"150.svg","path":"C:\\Users\\26708\\DevEcoStudioProjects\\Weather-master\\entry\\src\\main\\resources\\base\\media\\150.svg","type":"file","isSymbolicLink":false,"fileMetaData":{"size":357,"lastModifiedTime":1733228508345}},{"hashValue":"582c390ff1bcce73e333ecda177a2150","name":"151.svg","path":"C:\\Users\\26708\\DevEcoStudioProjects\\Weather-master\\entry\\src\\main\\resources\\base\\media\\151.svg","type":"file","isSymbolicLink":false,"fileMetaData":{"size":357,"lastModifiedTime":1733228475746}},{"hashValue":"8017e0542ff097e59a08b2687ad807c7","name":"152.svg","path":"C:\\Users\\26708\\DevEcoStudioProjects\\Weather-master\\entry\\src\\main\\resources\\base\\media\\152.svg","type":"file","isSymbolicLink":false,"fileMetaData":{"size":357,"lastModifiedTime":1733228475753}},{"hashValue":"aa23722ab228bff89e277b22142c0e82","name":"153.svg","path":"C:\\Users\\26708\\DevEcoStudioProjects\\Weather-master\\entry\\src\\main\\resources\\base\\media\\153.svg","type":"file","isSymbolicLink":false,"fileMetaData":{"size":357,"lastModifiedTime":1733228475738}},{"hashValue":"021d4af3a833fb4d012818a38c6fd51d","name":"300.svg","path":"C:\\Users\\26708\\DevEcoStudioProjects\\Weather-master\\entry\\src\\main\\resources\\base\\media\\300.svg","type":"file","isSymbolicLink":false,"fileMetaData":{"size":631,"lastModifiedTime":1733228625407}},{"hashValue":"9494d68041400b3038bb2091ec46e784","name":"301.svg","path":"C:\\Users\\26708\\DevEcoStudioProjects\\Weather-master\\entry\\src\\main\\resources\\base\\media\\301.svg","type":"file","isSymbolicLink":false,"fileMetaData":{"size":708,"lastModifiedTime":1733228635199}},{"hashValue":"ac2b1bd9990830ce312c17c99cfac486","name":"302.svg","path":"C:\\Users\\26708\\DevEcoStudioProjects\\Weather-master\\entry\\src\\main\\resources\\base\\media\\302.svg","type":"file","isSymbolicLink":false,"fileMetaData":{"size":691,"lastModifiedTime":1733228651320}},{"hashValue":"cdcfe3387ee96666ed1923bec3e04ea9","name":"303.svg","path":"C:\\Users\\26708\\DevEcoStudioProjects\\Weather-master\\entry\\src\\main\\resources\\base\\media\\303.svg","type":"file","isSymbolicLink":false,"fileMetaData":{"size":691,"lastModifiedTime":1733228651313}},{"hashValue":"737e73debed141ba8a70676db6a08db3","name":"304.svg","path":"C:\\Users\\26708\\DevEcoStudioProjects\\Weather-master\\entry\\src\\main\\resources\\base\\media\\304.svg","type":"file","isSymbolicLink":false,"fileMetaData":{"size":691,"lastModifiedTime":1733228651304}},{"hashValue":"0f03ec249ac129ae9449ea1299286378","name":"305.svg","path":"C:\\Users\\26708\\DevEcoStudioProjects\\Weather-master\\entry\\src\\main\\resources\\base\\media\\305.svg","type":"file","isSymbolicLink":false,"fileMetaData":{"size":669,"lastModifiedTime":1733228687428}},{"hashValue":"124864610793d592508ae51c00679342","name":"306.svg","path":"C:\\Users\\26708\\DevEcoStudioProjects\\Weather-master\\entry\\src\\main\\resources\\base\\media\\306.svg","type":"file","isSymbolicLink":false,"fileMetaData":{"size":669,"lastModifiedTime":1733228687461}},{"hashValue":"e5eb29ed9cf60a15061a153b73cfa785","name":"307.svg","path":"C:\\Users\\26708\\DevEcoStudioProjects\\Weather-master\\entry\\src\\main\\resources\\base\\media\\307.svg","type":"file","isSymbolicLink":false,"fileMetaData":{"size":669,"lastModifiedTime":1733228687419}},{"hashValue":"5903a2780db5f9031d65f5312db7488d","name":"308.svg","path":"C:\\Users\\26708\\DevEcoStudioProjects\\Weather-master\\entry\\src\\main\\resources\\base\\media\\308.svg","type":"file","isSymbolicLink":false,"fileMetaData":{"size":669,"lastModifiedTime":1733228687446}},{"hashValue":"62f96e560c36aacf44afcb02a7638a40","name":"309.svg","path":"C:\\Users\\26708\\DevEcoStudioProjects\\Weather-master\\entry\\src\\main\\resources\\base\\media\\309.svg","type":"file","isSymbolicLink":false,"fileMetaData":{"size":669,"lastModifiedTime":1733228687481}},{"hashValue":"2513f57dba8d82bf2f259d74f1da85dc","name":"310.svg","path":"C:\\Users\\26708\\DevEcoStudioProjects\\Weather-master\\entry\\src\\main\\resources\\base\\media\\310.svg","type":"file","isSymbolicLink":false,"fileMetaData":{"size":669,"lastModifiedTime":1733228687437}},{"hashValue":"6d883096cbf4e7c5d0e65a59a456479f","name":"311.svg","path":"C:\\Users\\26708\\DevEcoStudioProjects\\Weather-master\\entry\\src\\main\\resources\\base\\media\\311.svg","type":"file","isSymbolicLink":false,"fileMetaData":{"size":669,"lastModifiedTime":1733228687474}},{"hashValue":"e3da0463aa272d00f111363bbb182b41","name":"312.svg","path":"C:\\Users\\26708\\DevEcoStudioProjects\\Weather-master\\entry\\src\\main\\resources\\base\\media\\312.svg","type":"file","isSymbolicLink":false,"fileMetaData":{"size":669,"lastModifiedTime":1733228687453}},{"hashValue":"17723ea2bb2040b881d3817f102314f8","name":"313.svg","path":"C:\\Users\\26708\\DevEcoStudioProjects\\Weather-master\\entry\\src\\main\\resources\\base\\media\\313.svg","type":"file","isSymbolicLink":false,"fileMetaData":{"size":669,"lastModifiedTime":1733228687467}},{"hashValue":"9c8a94d998860d742381accad6ca7910","name":"314.svg","path":"C:\\Users\\26708\\DevEcoStudioProjects\\Weather-master\\entry\\src\\main\\resources\\base\\media\\314.svg","type":"file","isSymbolicLink":false,"fileMetaData":{"size":1901,"lastModifiedTime":1733215437830}},{"hashValue":"0be1d2658a0928a36bddf899a855ae9f","name":"315.svg","path":"C:\\Users\\26708\\DevEcoStudioProjects\\Weather-master\\entry\\src\\main\\resources\\base\\media\\315.svg","type":"file","isSymbolicLink":false,"fileMetaData":{"size":2057,"lastModifiedTime":1733215437863}},{"hashValue":"44bdb577f6460e1fed2965927e8cd794","name":"316.svg","path":"C:\\Users\\26708\\DevEcoStudioProjects\\Weather-master\\entry\\src\\main\\resources\\base\\media\\316.svg","type":"file","isSymbolicLink":false,"fileMetaData":{"size":2196,"lastModifiedTime":1733215437896}},{"hashValue":"7db5e521fb19c5157a43720b82e1672c","name":"317.svg","path":"C:\\Users\\26708\\DevEcoStudioProjects\\Weather-master\\entry\\src\\main\\resources\\base\\media\\317.svg","type":"file","isSymbolicLink":false,"fileMetaData":{"size":1991,"lastModifiedTime":1733215437928}},{"hashValue":"d347c47fc985b5174b2a6444cd2ba3cb","name":"318.svg","path":"C:\\Users\\26708\\DevEcoStudioProjects\\Weather-master\\entry\\src\\main\\resources\\base\\media\\318.svg","type":"file","isSymbolicLink":false,"fileMetaData":{"size":2095,"lastModifiedTime":1733215437960}},{"hashValue":"2fa96735f2d198b492a9e8612e4893d1","name":"350.svg","path":"C:\\Users\\26708\\DevEcoStudioProjects\\Weather-master\\entry\\src\\main\\resources\\base\\media\\350.svg","type":"file","isSymbolicLink":false,"fileMetaData":{"size":1481,"lastModifiedTime":1733215437992}},{"hashValue":"46b22959b3fc0095ce9089f4af056b3e","name":"351.svg","path":"C:\\Users\\26708\\DevEcoStudioProjects\\Weather-master\\entry\\src\\main\\resources\\base\\media\\351.svg","type":"file","isSymbolicLink":false,"fileMetaData":{"size":1587,"lastModifiedTime":1733215438025}},{"hashValue":"4206aded9c06d7b9073c4c9e4ef1c076","name":"399.svg","path":"C:\\Users\\26708\\DevEcoStudioProjects\\Weather-master\\entry\\src\\main\\resources\\base\\media\\399.svg","type":"file","isSymbolicLink":false,"fileMetaData":{"size":983,"lastModifiedTime":1733215438054}},{"hashValue":"a842aeaf4ec1adad11c5b5659945c502","name":"400.svg","path":"C:\\Users\\26708\\DevEcoStudioProjects\\Weather-master\\entry\\src\\main\\resources\\base\\media\\400.svg","type":"file","isSymbolicLink":false,"fileMetaData":{"size":1120,"lastModifiedTime":1733215438087}},{"hashValue":"9bda58fdee477a9e4e34c63098596310","name":"401.svg","path":"C:\\Users\\26708\\DevEcoStudioProjects\\Weather-master\\entry\\src\\main\\resources\\base\\media\\401.svg","type":"file","isSymbolicLink":false,"fileMetaData":{"size":1324,"lastModifiedTime":1733215438119}},{"hashValue":"ff7f29b5945c4a337e3114e5dd300996","name":"402.svg","path":"C:\\Users\\26708\\DevEcoStudioProjects\\Weather-master\\entry\\src\\main\\resources\\base\\media\\402.svg","type":"file","isSymbolicLink":false,"fileMetaData":{"size":1591,"lastModifiedTime":1733215438150}},{"hashValue":"f3d847d6a4d37688b25887046033e981","name":"403.svg","path":"C:\\Users\\26708\\DevEcoStudioProjects\\Weather-master\\entry\\src\\main\\resources\\base\\media\\403.svg","type":"file","isSymbolicLink":false,"fileMetaData":{"size":1793,"lastModifiedTime":1733215438182}},{"hashValue":"47314fd847d234a3e2fb85fa01cef022","name":"404.svg","path":"C:\\Users\\26708\\DevEcoStudioProjects\\Weather-master\\entry\\src\\main\\resources\\base\\media\\404.svg","type":"file","isSymbolicLink":false,"fileMetaData":{"size":1221,"lastModifiedTime":1733215438214}},{"hashValue":"6182bb193a39b736847f85d939aa5d6a","name":"405.svg","path":"C:\\Users\\26708\\DevEcoStudioProjects\\Weather-master\\entry\\src\\main\\resources\\base\\media\\405.svg","type":"file","isSymbolicLink":false,"fileMetaData":{"size":1221,"lastModifiedTime":1733215438245}},{"hashValue":"111afe28c0f0a7976218c0ebc2a83652","name":"406.svg","path":"C:\\Users\\26708\\DevEcoStudioProjects\\Weather-master\\entry\\src\\main\\resources\\base\\media\\406.svg","type":"file","isSymbolicLink":false,"fileMetaData":{"size":1859,"lastModifiedTime":1733215438276}},{"hashValue":"d73b45d3f2c43cfc50512ae7ce75d613","name":"407.svg","path":"C:\\Users\\26708\\DevEcoStudioProjects\\Weather-master\\entry\\src\\main\\resources\\base\\media\\407.svg","type":"file","isSymbolicLink":false,"fileMetaData":{"size":2047,"lastModifiedTime":1733215438307}},{"hashValue":"5ead7ae8b7b2ceed4b04db827c57cd04","name":"408.svg","path":"C:\\Users\\26708\\DevEcoStudioProjects\\Weather-master\\entry\\src\\main\\resources\\base\\media\\408.svg","type":"file","isSymbolicLink":false,"fileMetaData":{"size":2232,"lastModifiedTime":1733215438333}},{"hashValue":"41857d4ba4bc15ddc41c4508fca7b877","name":"409.svg","path":"C:\\Users\\26708\\DevEcoStudioProjects\\Weather-master\\entry\\src\\main\\resources\\base\\media\\409.svg","type":"file","isSymbolicLink":false,"fileMetaData":{"size":2697,"lastModifiedTime":1733215438364}},{"hashValue":"86167a63b4468e1ba4dfa20c43f80923","name":"410.svg","path":"C:\\Users\\26708\\DevEcoStudioProjects\\Weather-master\\entry\\src\\main\\resources\\base\\media\\410.svg","type":"file","isSymbolicLink":false,"fileMetaData":{"size":3164,"lastModifiedTime":1733215438395}},{"hashValue":"411bbfbf49ea0aee71ad952d6545d559","name":"add_icon.svg","path":"C:\\Users\\26708\\DevEcoStudioProjects\\Weather-master\\entry\\src\\main\\resources\\base\\media\\add_icon.svg","type":"file","isSymbolicLink":false,"fileMetaData":{"size":850,"lastModifiedTime":1733215438428}},{"hashValue":"354485f080686b77daf557d5fad1b1a3","name":"back_icon.svg","path":"C:\\Users\\26708\\DevEcoStudioProjects\\Weather-master\\entry\\src\\main\\resources\\base\\media\\back_icon.svg","type":"file","isSymbolicLink":false,"fileMetaData":{"size":1012,"lastModifiedTime":1733215438513}},{"hashValue":"12db1a63e6c89052788d44f5db49f6a7","name":"background.png","path":"C:\\Users\\26708\\DevEcoStudioProjects\\Weather-master\\entry\\src\\main\\resources\\base\\media\\background.png","type":"file","isSymbolicLink":false,"fileMetaData":{"size":57364,"lastModifiedTime":1733215438546}},{"hashValue":"5247940ad2dff2baea4a09a13de78608","name":"city_manager_icon.png","path":"C:\\Users\\26708\\DevEcoStudioProjects\\Weather-master\\entry\\src\\main\\resources\\base\\media\\city_manager_icon.png","type":"file","isSymbolicLink":false,"fileMetaData":{"size":4223,"lastModifiedTime":1733232612601}},{"hashValue":"69de27d83299cb8a6df073376cdd0ad6","name":"cloud1.png","path":"C:\\Users\\26708\\DevEcoStudioProjects\\Weather-master\\entry\\src\\main\\resources\\base\\media\\cloud1.png","type":"file","isSymbolicLink":false,"fileMetaData":{"size":72782,"lastModifiedTime":1733215438632}},{"hashValue":"f0dc2aafaa2087a311e07957bed62660","name":"cloud2.png","path":"C:\\Users\\26708\\DevEcoStudioProjects\\Weather-master\\entry\\src\\main\\resources\\base\\media\\cloud2.png","type":"file","isSymbolicLink":false,"fileMetaData":{"size":92159,"lastModifiedTime":1733215438661}},{"hashValue":"9df1f6749aff92ad28281312bf5a7818","name":"default_background.png","path":"C:\\Users\\26708\\DevEcoStudioProjects\\Weather-master\\entry\\src\\main\\resources\\base\\media\\default_background.png","type":"file","isSymbolicLink":false,"fileMetaData":{"size":254131,"lastModifiedTime":1733215438691}},{"hashValue":"1c3df51911fa1094de817c1bd7d2ac51","name":"default_background1.png","path":"C:\\Users\\26708\\DevEcoStudioProjects\\Weather-master\\entry\\src\\main\\resources\\base\\media\\default_background1.png","type":"file","isSymbolicLink":false,"fileMetaData":{"size":459910,"lastModifiedTime":1733215438719}},{"hashValue":"c04dc746e92e1f1850a840a6cfd93aff","name":"delete_icon.svg","path":"C:\\Users\\26708\\DevEcoStudioProjects\\Weather-master\\entry\\src\\main\\resources\\base\\media\\delete_icon.svg","type":"file","isSymbolicLink":false,"fileMetaData":{"size":2455,"lastModifiedTime":1733215438754}},{"hashValue":"696a3e381e7a4d6077db9fc04286843b","name":"edit_coin.svg","path":"C:\\Users\\26708\\DevEcoStudioProjects\\Weather-master\\entry\\src\\main\\resources\\base\\media\\edit_coin.svg","type":"file","isSymbolicLink":false,"fileMetaData":{"size":525,"lastModifiedTime":1733215438791}},{"hashValue":"fc61b88d82dc7eb709d31dfb01107abf","name":"foreground.png","path":"C:\\Users\\26708\\DevEcoStudioProjects\\Weather-master\\entry\\src\\main\\resources\\base\\media\\foreground.png","type":"file","isSymbolicLink":false,"fileMetaData":{"size":12430,"lastModifiedTime":1733215438854}},{"hashValue":"0af07b153695d2cc61b97ffd52ba4fba","name":"layered_image.json","path":"C:\\Users\\26708\\DevEcoStudioProjects\\Weather-master\\entry\\src\\main\\resources\\base\\media\\layered_image.json","type":"file","isSymbolicLink":false,"fileMetaData":{"size":109,"lastModifiedTime":1733215438924}},{"hashValue":"783e27e0ece650d7fdb93fae1bb2a786","name":"overcast_background.jpg","path":"C:\\Users\\26708\\DevEcoStudioProjects\\Weather-master\\entry\\src\\main\\resources\\base\\media\\overcast_background.jpg","type":"file","isSymbolicLink":false,"fileMetaData":{"size":114671,"lastModifiedTime":1733214586000}},{"hashValue":"26dda4a4a318d73ad2ac3215172c351d","name":"rainy_background.jpg","path":"C:\\Users\\26708\\DevEcoStudioProjects\\Weather-master\\entry\\src\\main\\resources\\base\\media\\rainy_background.jpg","type":"file","isSymbolicLink":false,"fileMetaData":{"size":739712,"lastModifiedTime":1733214164000}},{"hashValue":"b1ba80e80d35e9cc7faf2d80a92ff3c5","name":"settings_icon.svg","path":"C:\\Users\\26708\\DevEcoStudioProjects\\Weather-master\\entry\\src\\main\\resources\\base\\media\\settings_icon.svg","type":"file","isSymbolicLink":false,"fileMetaData":{"size":2869,"lastModifiedTime":1733215439385}},{"hashValue":"5500d22ac43dd2176c5aa7cef4e6a5d0","name":"sky_background.png","path":"C:\\Users\\26708\\DevEcoStudioProjects\\Weather-master\\entry\\src\\main\\resources\\base\\media\\sky_background.png","type":"file","isSymbolicLink":false,"fileMetaData":{"size":458538,"lastModifiedTime":1733215439456}},{"hashValue":"084b1061ea19912268241145472aac00","name":"snowy_background.jpeg","path":"C:\\Users\\26708\\DevEcoStudioProjects\\Weather-master\\entry\\src\\main\\resources\\base\\media\\snowy_background.jpeg","type":"file","isSymbolicLink":false,"fileMetaData":{"size":306360,"lastModifiedTime":1733215082000}},{"hashValue":"d4349a914b24094ba6ef227641a6c1b9","name":"startIcon.png","path":"C:\\Users\\26708\\DevEcoStudioProjects\\Weather-master\\entry\\src\\main\\resources\\base\\media\\startIcon.png","type":"file","isSymbolicLink":false,"fileMetaData":{"size":20093,"lastModifiedTime":1733215439507}},{"hashValue":"d00e28b3b50f8e19ace19a86e6185e3c","name":"sunny_background.jpeg","path":"C:\\Users\\26708\\DevEcoStudioProjects\\Weather-master\\entry\\src\\main\\resources\\base\\media\\sunny_background.jpeg","type":"file","isSymbolicLink":false,"fileMetaData":{"size":126093,"lastModifiedTime":1733214432000}},{"hashValue":"9b1429d04b56440d34813ba222f03fdb","name":"updateWeather.png","path":"C:\\Users\\26708\\DevEcoStudioProjects\\Weather-master\\entry\\src\\main\\resources\\base\\media\\updateWeather.png","type":"file","isSymbolicLink":false,"fileMetaData":{"size":1000,"lastModifiedTime":1733222863188}}]},{"hashValue":"af97612c18a540ebf08f4d2df88e07d9","name":"profile","path":"C:\\Users\\26708\\DevEcoStudioProjects\\Weather-master\\entry\\src\\main\\resources\\base\\profile","type":"directory","isSymbolicLink":false,"children":[{"hashValue":"421143356529e86d1f2fb0954bad57a7","name":"backup_config.json","path":"C:\\Users\\26708\\DevEcoStudioProjects\\Weather-master\\entry\\src\\main\\resources\\base\\profile\\backup_config.json","type":"file","isSymbolicLink":false,"fileMetaData":{"size":34,"lastModifiedTime":1733215439760}},{"hashValue":"99f1f65424c8a78cf52587ad476ebf0d","name":"main_pages.json","path":"C:\\Users\\26708\\DevEcoStudioProjects\\Weather-master\\entry\\src\\main\\resources\\base\\profile\\main_pages.json","type":"file","isSymbolicLink":false,"fileMetaData":{"size":60,"lastModifiedTime":1733215439787}}]}]},{"hashValue":"b3618c0cedcc972eee60e846ca41b46e","name":"en_US","path":"C:\\Users\\26708\\DevEcoStudioProjects\\Weather-master\\entry\\src\\main\\resources\\en_US","type":"directory","isSymbolicLink":false,"children":[{"hashValue":"80e2a02228064688d27a9584b78e77a4","name":"element","path":"C:\\Users\\26708\\DevEcoStudioProjects\\Weather-master\\entry\\src\\main\\resources\\en_US\\element","type":"directory","isSymbolicLink":false,"children":[{"hashValue":"c18ecdc8dfdf2342b699c2b0597dc2d5","name":"string.json","path":"C:\\Users\\26708\\DevEcoStudioProjects\\Weather-master\\entry\\src\\main\\resources\\en_US\\element\\string.json","type":"file","isSymbolicLink":false,"fileMetaData":{"size":678,"lastModifiedTime":1733215439825}}]}]},{"hashValue":"0fe92bea8f8cb52a6eef0659d42a575c","name":"zh_CN","path":"C:\\Users\\26708\\DevEcoStudioProjects\\Weather-master\\entry\\src\\main\\resources\\zh_CN","type":"directory","isSymbolicLink":false,"children":[{"hashValue":"553da70198436ec7386b17cf882b95f2","name":"element","path":"C:\\Users\\26708\\DevEcoStudioProjects\\Weather-master\\entry\\src\\main\\resources\\zh_CN\\element","type":"directory","isSymbolicLink":false,"children":[{"hashValue":"52c18346b91e022344aac9970ec69e99","name":"string.json","path":"C:\\Users\\26708\\DevEcoStudioProjects\\Weather-master\\entry\\src\\main\\resources\\zh_CN\\element\\string.json","type":"file","isSymbolicLink":false,"fileMetaData":{"size":607,"lastModifiedTime":1733215439860}}]}]}]},"C:\\Users\\26708\\DevEcoStudioProjects\\Weather-master\\AppScope\\resources":{"hashValue":"6bffaee93a10b20c32b85aaf100c0b71","name":"resources","path":"C:\\Users\\26708\\DevEcoStudioProjects\\Weather-master\\AppScope\\resources","type":"directory","isSymbolicLink":false,"children":[{"hashValue":"4daf74cf1b8e09f1e22014efd59a391a","name":"base","path":"C:\\Users\\26708\\DevEcoStudioProjects\\Weather-master\\AppScope\\resources\\base","type":"directory","isSymbolicLink":false,"children":[{"hashValue":"d987c8a4c1d5895146c59e3438a2ade7","name":"element","path":"C:\\Users\\26708\\DevEcoStudioProjects\\Weather-master\\AppScope\\resources\\base\\element","type":"directory","isSymbolicLink":false,"children":[{"hashValue":"9bb13e9101f0282a494e936c6e4272df","name":"string.json","path":"C:\\Users\\26708\\DevEcoStudioProjects\\Weather-master\\AppScope\\resources\\base\\element\\string.json","type":"file","isSymbolicLink":false,"fileMetaData":{"size":85,"lastModifiedTime":1733215435748}}]},{"hashValue":"2cd6322eb43027a35ac5e01a016db587","name":"media","path":"C:\\Users\\26708\\DevEcoStudioProjects\\Weather-master\\AppScope\\resources\\base\\media","type":"directory","isSymbolicLink":false,"children":[{"hashValue":"f0ddea78aaed2c2de11dcf5c2faa5408","name":"app_icon.png","path":"C:\\Users\\26708\\DevEcoStudioProjects\\Weather-master\\AppScope\\resources\\base\\media\\app_icon.png","type":"file","isSymbolicLink":false,"fileMetaData":{"size":6299,"lastModifiedTime":1733232746986}}]}]}]},"C:\\Users\\26708\\DevEcoStudioProjects\\Weather-master\\entry\\build\\default\\intermediates\\res\\default":{"hashValue":"89043ffd55fc20bd845573898be6beb4","name":"default","path":"C:\\Users\\26708\\DevEcoStudioProjects\\Weather-master\\entry\\build\\default\\intermediates\\res\\default","type":"directory","isSymbolicLink":false,"children":[{"hashValue":"6584340237c8b0af2962202cbc71cde3","name":"ids_map","path":"C:\\Users\\26708\\DevEcoStudioProjects\\Weather-master\\entry\\build\\default\\intermediates\\res\\default\\ids_map","type":"directory","isSymbolicLink":false,"children":[{"hashValue":"b7bb04b843202b29085f7d4d4c4dcba7","name":"id_defined.json","path":"C:\\Users\\26708\\DevEcoStudioProjects\\Weather-master\\entry\\build\\default\\intermediates\\res\\default\\ids_map\\id_defined.json","type":"file","isSymbolicLink":false,"fileMetaData":{"size":5755,"lastModifiedTime":1733232781923}}]},{"hashValue":"69fdb1b533bb2e395bb98bffbd9d89e7","name":"module.json","path":"C:\\Users\\26708\\DevEcoStudioProjects\\Weather-master\\entry\\build\\default\\intermediates\\res\\default\\module.json","type":"file","isSymbolicLink":false,"fileMetaData":{"size":2531,"lastModifiedTime":1733232781922}},{"hashValue":"75738f345ff80274c284ba85f5330fcf","name":"resConfig.json","path":"C:\\Users\\26708\\DevEcoStudioProjects\\Weather-master\\entry\\build\\default\\intermediates\\res\\default\\resConfig.json","type":"file","isSymbolicLink":false,"fileMetaData":{"size":1081,"lastModifiedTime":1733215528302}},{"hashValue":"6f019b27f4b552138576c5a10bcb46c0","name":"resources","path":"C:\\Users\\26708\\DevEcoStudioProjects\\Weather-master\\entry\\build\\default\\intermediates\\res\\default\\resources","type":"directory","isSymbolicLink":false,"children":[{"hashValue":"e49d1a646cd30ac51efc4c943ae12ac3","name":"base","path":"C:\\Users\\26708\\DevEcoStudioProjects\\Weather-master\\entry\\build\\default\\intermediates\\res\\default\\resources\\base","type":"directory","isSymbolicLink":false,"children":[{"hashValue":"20f23ab7308182276793019dd926bde0","name":"media","path":"C:\\Users\\26708\\DevEcoStudioProjects\\Weather-master\\entry\\build\\default\\intermediates\\res\\default\\resources\\base\\media","type":"directory","isSymbolicLink":false,"children":[{"hashValue":"fa0f821a510c6e7e39a8dbc51d10690a","name":"100.svg","path":"C:\\Users\\26708\\DevEcoStudioProjects\\Weather-master\\entry\\build\\default\\intermediates\\res\\default\\resources\\base\\media\\100.svg","type":"file","isSymbolicLink":false,"fileMetaData":{"size":551,"lastModifiedTime":1733228536291}},{"hashValue":"d4b3eae84a09ee5d6e55b2a87178899d","name":"101.svg","path":"C:\\Users\\26708\\DevEcoStudioProjects\\Weather-master\\entry\\build\\default\\intermediates\\res\\default\\resources\\base\\media\\101.svg","type":"file","isSymbolicLink":false,"fileMetaData":{"size":912,"lastModifiedTime":1733228578337}},{"hashValue":"4554c4f2f12950e99a5ffef4ad13852d","name":"102.svg","path":"C:\\Users\\26708\\DevEcoStudioProjects\\Weather-master\\entry\\build\\default\\intermediates\\res\\default\\resources\\base\\media\\102.svg","type":"file","isSymbolicLink":false,"fileMetaData":{"size":912,"lastModifiedTime":1733228578329}},{"hashValue":"552256fd8bf95d25f47bc151fe56b59e","name":"103.svg","path":"C:\\Users\\26708\\DevEcoStudioProjects\\Weather-master\\entry\\build\\default\\intermediates\\res\\default\\resources\\base\\media\\103.svg","type":"file","isSymbolicLink":false,"fileMetaData":{"size":912,"lastModifiedTime":1733228578319}},{"hashValue":"fa57fab9442db5f040b68ed01fae4b4c","name":"104.svg","path":"C:\\Users\\26708\\DevEcoStudioProjects\\Weather-master\\entry\\build\\default\\intermediates\\res\\default\\resources\\base\\media\\104.svg","type":"file","isSymbolicLink":false,"fileMetaData":{"size":569,"lastModifiedTime":1733228603791}},{"hashValue":"db1ca93b7e7e2ea9e74f4d96664829f1","name":"150.svg","path":"C:\\Users\\26708\\DevEcoStudioProjects\\Weather-master\\entry\\build\\default\\intermediates\\res\\default\\resources\\base\\media\\150.svg","type":"file","isSymbolicLink":false,"fileMetaData":{"size":357,"lastModifiedTime":1733228508345}},{"hashValue":"582c390ff1bcce73e333ecda177a2150","name":"151.svg","path":"C:\\Users\\26708\\DevEcoStudioProjects\\Weather-master\\entry\\build\\default\\intermediates\\res\\default\\resources\\base\\media\\151.svg","type":"file","isSymbolicLink":false,"fileMetaData":{"size":357,"lastModifiedTime":1733228475746}},{"hashValue":"8017e0542ff097e59a08b2687ad807c7","name":"152.svg","path":"C:\\Users\\26708\\DevEcoStudioProjects\\Weather-master\\entry\\build\\default\\intermediates\\res\\default\\resources\\base\\media\\152.svg","type":"file","isSymbolicLink":false,"fileMetaData":{"size":357,"lastModifiedTime":1733228475753}},{"hashValue":"aa23722ab228bff89e277b22142c0e82","name":"153.svg","path":"C:\\Users\\26708\\DevEcoStudioProjects\\Weather-master\\entry\\build\\default\\intermediates\\res\\default\\resources\\base\\media\\153.svg","type":"file","isSymbolicLink":false,"fileMetaData":{"size":357,"lastModifiedTime":1733228475738}},{"hashValue":"021d4af3a833fb4d012818a38c6fd51d","name":"300.svg","path":"C:\\Users\\26708\\DevEcoStudioProjects\\Weather-master\\entry\\build\\default\\intermediates\\res\\default\\resources\\base\\media\\300.svg","type":"file","isSymbolicLink":false,"fileMetaData":{"size":631,"lastModifiedTime":1733228625407}},{"hashValue":"9494d68041400b3038bb2091ec46e784","name":"301.svg","path":"C:\\Users\\26708\\DevEcoStudioProjects\\Weather-master\\entry\\build\\default\\intermediates\\res\\default\\resources\\base\\media\\301.svg","type":"file","isSymbolicLink":false,"fileMetaData":{"size":708,"lastModifiedTime":1733228635199}},{"hashValue":"ac2b1bd9990830ce312c17c99cfac486","name":"302.svg","path":"C:\\Users\\26708\\DevEcoStudioProjects\\Weather-master\\entry\\build\\default\\intermediates\\res\\default\\resources\\base\\media\\302.svg","type":"file","isSymbolicLink":false,"fileMetaData":{"size":691,"lastModifiedTime":1733228651320}},{"hashValue":"cdcfe3387ee96666ed1923bec3e04ea9","name":"303.svg","path":"C:\\Users\\26708\\DevEcoStudioProjects\\Weather-master\\entry\\build\\default\\intermediates\\res\\default\\resources\\base\\media\\303.svg","type":"file","isSymbolicLink":false,"fileMetaData":{"size":691,"lastModifiedTime":1733228651313}},{"hashValue":"737e73debed141ba8a70676db6a08db3","name":"304.svg","path":"C:\\Users\\26708\\DevEcoStudioProjects\\Weather-master\\entry\\build\\default\\intermediates\\res\\default\\resources\\base\\media\\304.svg","type":"file","isSymbolicLink":false,"fileMetaData":{"size":691,"lastModifiedTime":1733228651304}},{"hashValue":"0f03ec249ac129ae9449ea1299286378","name":"305.svg","path":"C:\\Users\\26708\\DevEcoStudioProjects\\Weather-master\\entry\\build\\default\\intermediates\\res\\default\\resources\\base\\media\\305.svg","type":"file","isSymbolicLink":false,"fileMetaData":{"size":669,"lastModifiedTime":1733228687428}},{"hashValue":"124864610793d592508ae51c00679342","name":"306.svg","path":"C:\\Users\\26708\\DevEcoStudioProjects\\Weather-master\\entry\\build\\default\\intermediates\\res\\default\\resources\\base\\media\\306.svg","type":"file","isSymbolicLink":false,"fileMetaData":{"size":669,"lastModifiedTime":1733228687461}},{"hashValue":"e5eb29ed9cf60a15061a153b73cfa785","name":"307.svg","path":"C:\\Users\\26708\\DevEcoStudioProjects\\Weather-master\\entry\\build\\default\\intermediates\\res\\default\\resources\\base\\media\\307.svg","type":"file","isSymbolicLink":false,"fileMetaData":{"size":669,"lastModifiedTime":1733228687419}},{"hashValue":"5903a2780db5f9031d65f5312db7488d","name":"308.svg","path":"C:\\Users\\26708\\DevEcoStudioProjects\\Weather-master\\entry\\build\\default\\intermediates\\res\\default\\resources\\base\\media\\308.svg","type":"file","isSymbolicLink":false,"fileMetaData":{"size":669,"lastModifiedTime":1733228687446}},{"hashValue":"62f96e560c36aacf44afcb02a7638a40","name":"309.svg","path":"C:\\Users\\26708\\DevEcoStudioProjects\\Weather-master\\entry\\build\\default\\intermediates\\res\\default\\resources\\base\\media\\309.svg","type":"file","isSymbolicLink":false,"fileMetaData":{"size":669,"lastModifiedTime":1733228687481}},{"hashValue":"2513f57dba8d82bf2f259d74f1da85dc","name":"310.svg","path":"C:\\Users\\26708\\DevEcoStudioProjects\\Weather-master\\entry\\build\\default\\intermediates\\res\\default\\resources\\base\\media\\310.svg","type":"file","isSymbolicLink":false,"fileMetaData":{"size":669,"lastModifiedTime":1733228687437}},{"hashValue":"6d883096cbf4e7c5d0e65a59a456479f","name":"311.svg","path":"C:\\Users\\26708\\DevEcoStudioProjects\\Weather-master\\entry\\build\\default\\intermediates\\res\\default\\resources\\base\\media\\311.svg","type":"file","isSymbolicLink":false,"fileMetaData":{"size":669,"lastModifiedTime":1733228687474}},{"hashValue":"e3da0463aa272d00f111363bbb182b41","name":"312.svg","path":"C:\\Users\\26708\\DevEcoStudioProjects\\Weather-master\\entry\\build\\default\\intermediates\\res\\default\\resources\\base\\media\\312.svg","type":"file","isSymbolicLink":false,"fileMetaData":{"size":669,"lastModifiedTime":1733228687453}},{"hashValue":"17723ea2bb2040b881d3817f102314f8","name":"313.svg","path":"C:\\Users\\26708\\DevEcoStudioProjects\\Weather-master\\entry\\build\\default\\intermediates\\res\\default\\resources\\base\\media\\313.svg","type":"file","isSymbolicLink":false,"fileMetaData":{"size":669,"lastModifiedTime":1733228687467}},{"hashValue":"9c8a94d998860d742381accad6ca7910","name":"314.svg","path":"C:\\Users\\26708\\DevEcoStudioProjects\\Weather-master\\entry\\build\\default\\intermediates\\res\\default\\resources\\base\\media\\314.svg","type":"file","isSymbolicLink":false,"fileMetaData":{"size":1901,"lastModifiedTime":1733215437830}},{"hashValue":"0be1d2658a0928a36bddf899a855ae9f","name":"315.svg","path":"C:\\Users\\26708\\DevEcoStudioProjects\\Weather-master\\entry\\build\\default\\intermediates\\res\\default\\resources\\base\\media\\315.svg","type":"file","isSymbolicLink":false,"fileMetaData":{"size":2057,"lastModifiedTime":1733215437863}},{"hashValue":"44bdb577f6460e1fed2965927e8cd794","name":"316.svg","path":"C:\\Users\\26708\\DevEcoStudioProjects\\Weather-master\\entry\\build\\default\\intermediates\\res\\default\\resources\\base\\media\\316.svg","type":"file","isSymbolicLink":false,"fileMetaData":{"size":2196,"lastModifiedTime":1733215437896}},{"hashValue":"7db5e521fb19c5157a43720b82e1672c","name":"317.svg","path":"C:\\Users\\26708\\DevEcoStudioProjects\\Weather-master\\entry\\build\\default\\intermediates\\res\\default\\resources\\base\\media\\317.svg","type":"file","isSymbolicLink":false,"fileMetaData":{"size":1991,"lastModifiedTime":1733215437928}},{"hashValue":"d347c47fc985b5174b2a6444cd2ba3cb","name":"318.svg","path":"C:\\Users\\26708\\DevEcoStudioProjects\\Weather-master\\entry\\build\\default\\intermediates\\res\\default\\resources\\base\\media\\318.svg","type":"file","isSymbolicLink":false,"fileMetaData":{"size":2095,"lastModifiedTime":1733215437960}},{"hashValue":"2fa96735f2d198b492a9e8612e4893d1","name":"350.svg","path":"C:\\Users\\26708\\DevEcoStudioProjects\\Weather-master\\entry\\build\\default\\intermediates\\res\\default\\resources\\base\\media\\350.svg","type":"file","isSymbolicLink":false,"fileMetaData":{"size":1481,"lastModifiedTime":1733215437992}},{"hashValue":"46b22959b3fc0095ce9089f4af056b3e","name":"351.svg","path":"C:\\Users\\26708\\DevEcoStudioProjects\\Weather-master\\entry\\build\\default\\intermediates\\res\\default\\resources\\base\\media\\351.svg","type":"file","isSymbolicLink":false,"fileMetaData":{"size":1587,"lastModifiedTime":1733215438025}},{"hashValue":"4206aded9c06d7b9073c4c9e4ef1c076","name":"399.svg","path":"C:\\Users\\26708\\DevEcoStudioProjects\\Weather-master\\entry\\build\\default\\intermediates\\res\\default\\resources\\base\\media\\399.svg","type":"file","isSymbolicLink":false,"fileMetaData":{"size":983,"lastModifiedTime":1733215438054}},{"hashValue":"a842aeaf4ec1adad11c5b5659945c502","name":"400.svg","path":"C:\\Users\\26708\\DevEcoStudioProjects\\Weather-master\\entry\\build\\default\\intermediates\\res\\default\\resources\\base\\media\\400.svg","type":"file","isSymbolicLink":false,"fileMetaData":{"size":1120,"lastModifiedTime":1733215438087}},{"hashValue":"9bda58fdee477a9e4e34c63098596310","name":"401.svg","path":"C:\\Users\\26708\\DevEcoStudioProjects\\Weather-master\\entry\\build\\default\\intermediates\\res\\default\\resources\\base\\media\\401.svg","type":"file","isSymbolicLink":false,"fileMetaData":{"size":1324,"lastModifiedTime":1733215438119}},{"hashValue":"ff7f29b5945c4a337e3114e5dd300996","name":"402.svg","path":"C:\\Users\\26708\\DevEcoStudioProjects\\Weather-master\\entry\\build\\default\\intermediates\\res\\default\\resources\\base\\media\\402.svg","type":"file","isSymbolicLink":false,"fileMetaData":{"size":1591,"lastModifiedTime":1733215438150}},{"hashValue":"f3d847d6a4d37688b25887046033e981","name":"403.svg","path":"C:\\Users\\26708\\DevEcoStudioProjects\\Weather-master\\entry\\build\\default\\intermediates\\res\\default\\resources\\base\\media\\403.svg","type":"file","isSymbolicLink":false,"fileMetaData":{"size":1793,"lastModifiedTime":1733215438182}},{"hashValue":"47314fd847d234a3e2fb85fa01cef022","name":"404.svg","path":"C:\\Users\\26708\\DevEcoStudioProjects\\Weather-master\\entry\\build\\default\\intermediates\\res\\default\\resources\\base\\media\\404.svg","type":"file","isSymbolicLink":false,"fileMetaData":{"size":1221,"lastModifiedTime":1733215438214}},{"hashValue":"6182bb193a39b736847f85d939aa5d6a","name":"405.svg","path":"C:\\Users\\26708\\DevEcoStudioProjects\\Weather-master\\entry\\build\\default\\intermediates\\res\\default\\resources\\base\\media\\405.svg","type":"file","isSymbolicLink":false,"fileMetaData":{"size":1221,"lastModifiedTime":1733215438245}},{"hashValue":"111afe28c0f0a7976218c0ebc2a83652","name":"406.svg","path":"C:\\Users\\26708\\DevEcoStudioProjects\\Weather-master\\entry\\build\\default\\intermediates\\res\\default\\resources\\base\\media\\406.svg","type":"file","isSymbolicLink":false,"fileMetaData":{"size":1859,"lastModifiedTime":1733215438276}},{"hashValue":"d73b45d3f2c43cfc50512ae7ce75d613","name":"407.svg","path":"C:\\Users\\26708\\DevEcoStudioProjects\\Weather-master\\entry\\build\\default\\intermediates\\res\\default\\resources\\base\\media\\407.svg","type":"file","isSymbolicLink":false,"fileMetaData":{"size":2047,"lastModifiedTime":1733215438307}},{"hashValue":"5ead7ae8b7b2ceed4b04db827c57cd04","name":"408.svg","path":"C:\\Users\\26708\\DevEcoStudioProjects\\Weather-master\\entry\\build\\default\\intermediates\\res\\default\\resources\\base\\media\\408.svg","type":"file","isSymbolicLink":false,"fileMetaData":{"size":2232,"lastModifiedTime":1733215438333}},{"hashValue":"41857d4ba4bc15ddc41c4508fca7b877","name":"409.svg","path":"C:\\Users\\26708\\DevEcoStudioProjects\\Weather-master\\entry\\build\\default\\intermediates\\res\\default\\resources\\base\\media\\409.svg","type":"file","isSymbolicLink":false,"fileMetaData":{"size":2697,"lastModifiedTime":1733215438364}},{"hashValue":"86167a63b4468e1ba4dfa20c43f80923","name":"410.svg","path":"C:\\Users\\26708\\DevEcoStudioProjects\\Weather-master\\entry\\build\\default\\intermediates\\res\\default\\resources\\base\\media\\410.svg","type":"file","isSymbolicLink":false,"fileMetaData":{"size":3164,"lastModifiedTime":1733215438395}},{"hashValue":"411bbfbf49ea0aee71ad952d6545d559","name":"add_icon.svg","path":"C:\\Users\\26708\\DevEcoStudioProjects\\Weather-master\\entry\\build\\default\\intermediates\\res\\default\\resources\\base\\media\\add_icon.svg","type":"file","isSymbolicLink":false,"fileMetaData":{"size":850,"lastModifiedTime":1733215438428}},{"hashValue":"f0ddea78aaed2c2de11dcf5c2faa5408","name":"app_icon.png","path":"C:\\Users\\26708\\DevEcoStudioProjects\\Weather-master\\entry\\build\\default\\intermediates\\res\\default\\resources\\base\\media\\app_icon.png","type":"file","isSymbolicLink":false,"fileMetaData":{"size":6299,"lastModifiedTime":1733232746986}},{"hashValue":"354485f080686b77daf557d5fad1b1a3","name":"back_icon.svg","path":"C:\\Users\\26708\\DevEcoStudioProjects\\Weather-master\\entry\\build\\default\\intermediates\\res\\default\\resources\\base\\media\\back_icon.svg","type":"file","isSymbolicLink":false,"fileMetaData":{"size":1012,"lastModifiedTime":1733215438513}},{"hashValue":"12db1a63e6c89052788d44f5db49f6a7","name":"background.png","path":"C:\\Users\\26708\\DevEcoStudioProjects\\Weather-master\\entry\\build\\default\\intermediates\\res\\default\\resources\\base\\media\\background.png","type":"file","isSymbolicLink":false,"fileMetaData":{"size":57364,"lastModifiedTime":1733215438546}},{"hashValue":"5247940ad2dff2baea4a09a13de78608","name":"city_manager_icon.png","path":"C:\\Users\\26708\\DevEcoStudioProjects\\Weather-master\\entry\\build\\default\\intermediates\\res\\default\\resources\\base\\media\\city_manager_icon.png","type":"file","isSymbolicLink":false,"fileMetaData":{"size":4223,"lastModifiedTime":1733232612601}},{"hashValue":"69de27d83299cb8a6df073376cdd0ad6","name":"cloud1.png","path":"C:\\Users\\26708\\DevEcoStudioProjects\\Weather-master\\entry\\build\\default\\intermediates\\res\\default\\resources\\base\\media\\cloud1.png","type":"file","isSymbolicLink":false,"fileMetaData":{"size":72782,"lastModifiedTime":1733215438632}},{"hashValue":"f0dc2aafaa2087a311e07957bed62660","name":"cloud2.png","path":"C:\\Users\\26708\\DevEcoStudioProjects\\Weather-master\\entry\\build\\default\\intermediates\\res\\default\\resources\\base\\media\\cloud2.png","type":"file","isSymbolicLink":false,"fileMetaData":{"size":92159,"lastModifiedTime":1733215438661}},{"hashValue":"9df1f6749aff92ad28281312bf5a7818","name":"default_background.png","path":"C:\\Users\\26708\\DevEcoStudioProjects\\Weather-master\\entry\\build\\default\\intermediates\\res\\default\\resources\\base\\media\\default_background.png","type":"file","isSymbolicLink":false,"fileMetaData":{"size":254131,"lastModifiedTime":1733215438691}},{"hashValue":"1c3df51911fa1094de817c1bd7d2ac51","name":"default_background1.png","path":"C:\\Users\\26708\\DevEcoStudioProjects\\Weather-master\\entry\\build\\default\\intermediates\\res\\default\\resources\\base\\media\\default_background1.png","type":"file","isSymbolicLink":false,"fileMetaData":{"size":459910,"lastModifiedTime":1733215438719}},{"hashValue":"c04dc746e92e1f1850a840a6cfd93aff","name":"delete_icon.svg","path":"C:\\Users\\26708\\DevEcoStudioProjects\\Weather-master\\entry\\build\\default\\intermediates\\res\\default\\resources\\base\\media\\delete_icon.svg","type":"file","isSymbolicLink":false,"fileMetaData":{"size":2455,"lastModifiedTime":1733215438754}},{"hashValue":"696a3e381e7a4d6077db9fc04286843b","name":"edit_coin.svg","path":"C:\\Users\\26708\\DevEcoStudioProjects\\Weather-master\\entry\\build\\default\\intermediates\\res\\default\\resources\\base\\media\\edit_coin.svg","type":"file","isSymbolicLink":false,"fileMetaData":{"size":525,"lastModifiedTime":1733215438791}},{"hashValue":"fc61b88d82dc7eb709d31dfb01107abf","name":"foreground.png","path":"C:\\Users\\26708\\DevEcoStudioProjects\\Weather-master\\entry\\build\\default\\intermediates\\res\\default\\resources\\base\\media\\foreground.png","type":"file","isSymbolicLink":false,"fileMetaData":{"size":12430,"lastModifiedTime":1733215438854}},{"hashValue":"a94b15a89ecf8282669fea6b49ea274d","name":"layered_image.json","path":"C:\\Users\\26708\\DevEcoStudioProjects\\Weather-master\\entry\\build\\default\\intermediates\\res\\default\\resources\\base\\media\\layered_image.json","type":"file","isSymbolicLink":false,"fileMetaData":{"size":95,"lastModifiedTime":1733232781921}},{"hashValue":"783e27e0ece650d7fdb93fae1bb2a786","name":"overcast_background.jpg","path":"C:\\Users\\26708\\DevEcoStudioProjects\\Weather-master\\entry\\build\\default\\intermediates\\res\\default\\resources\\base\\media\\overcast_background.jpg","type":"file","isSymbolicLink":false,"fileMetaData":{"size":114671,"lastModifiedTime":1733214586000}},{"hashValue":"26dda4a4a318d73ad2ac3215172c351d","name":"rainy_background.jpg","path":"C:\\Users\\26708\\DevEcoStudioProjects\\Weather-master\\entry\\build\\default\\intermediates\\res\\default\\resources\\base\\media\\rainy_background.jpg","type":"file","isSymbolicLink":false,"fileMetaData":{"size":739712,"lastModifiedTime":1733214164000}},{"hashValue":"b1ba80e80d35e9cc7faf2d80a92ff3c5","name":"settings_icon.svg","path":"C:\\Users\\26708\\DevEcoStudioProjects\\Weather-master\\entry\\build\\default\\intermediates\\res\\default\\resources\\base\\media\\settings_icon.svg","type":"file","isSymbolicLink":false,"fileMetaData":{"size":2869,"lastModifiedTime":1733215439385}},{"hashValue":"5500d22ac43dd2176c5aa7cef4e6a5d0","name":"sky_background.png","path":"C:\\Users\\26708\\DevEcoStudioProjects\\Weather-master\\entry\\build\\default\\intermediates\\res\\default\\resources\\base\\media\\sky_background.png","type":"file","isSymbolicLink":false,"fileMetaData":{"size":458538,"lastModifiedTime":1733215439456}},{"hashValue":"084b1061ea19912268241145472aac00","name":"snowy_background.jpeg","path":"C:\\Users\\26708\\DevEcoStudioProjects\\Weather-master\\entry\\build\\default\\intermediates\\res\\default\\resources\\base\\media\\snowy_background.jpeg","type":"file","isSymbolicLink":false,"fileMetaData":{"size":306360,"lastModifiedTime":1733215082000}},{"hashValue":"d4349a914b24094ba6ef227641a6c1b9","name":"startIcon.png","path":"C:\\Users\\26708\\DevEcoStudioProjects\\Weather-master\\entry\\build\\default\\intermediates\\res\\default\\resources\\base\\media\\startIcon.png","type":"file","isSymbolicLink":false,"fileMetaData":{"size":20093,"lastModifiedTime":1733215439507}},{"hashValue":"d00e28b3b50f8e19ace19a86e6185e3c","name":"sunny_background.jpeg","path":"C:\\Users\\26708\\DevEcoStudioProjects\\Weather-master\\entry\\build\\default\\intermediates\\res\\default\\resources\\base\\media\\sunny_background.jpeg","type":"file","isSymbolicLink":false,"fileMetaData":{"size":126093,"lastModifiedTime":1733214432000}},{"hashValue":"9b1429d04b56440d34813ba222f03fdb","name":"updateWeather.png","path":"C:\\Users\\26708\\DevEcoStudioProjects\\Weather-master\\entry\\build\\default\\intermediates\\res\\default\\resources\\base\\media\\updateWeather.png","type":"file","isSymbolicLink":false,"fileMetaData":{"size":1000,"lastModifiedTime":1733222863188}}]},{"hashValue":"af97612c18a540ebf08f4d2df88e07d9","name":"profile","path":"C:\\Users\\26708\\DevEcoStudioProjects\\Weather-master\\entry\\build\\default\\intermediates\\res\\default\\resources\\base\\profile","type":"directory","isSymbolicLink":false,"children":[{"hashValue":"421143356529e86d1f2fb0954bad57a7","name":"backup_config.json","path":"C:\\Users\\26708\\DevEcoStudioProjects\\Weather-master\\entry\\build\\default\\intermediates\\res\\default\\resources\\base\\profile\\backup_config.json","type":"file","isSymbolicLink":false,"fileMetaData":{"size":34,"lastModifiedTime":1733215439760}},{"hashValue":"99f1f65424c8a78cf52587ad476ebf0d","name":"main_pages.json","path":"C:\\Users\\26708\\DevEcoStudioProjects\\Weather-master\\entry\\build\\default\\intermediates\\res\\default\\resources\\base\\profile\\main_pages.json","type":"file","isSymbolicLink":false,"fileMetaData":{"size":60,"lastModifiedTime":1733215439787}}]}]}]},{"hashValue":"0620f9b513cdd8fbd83d76bad6223b45","name":"resources.index","path":"C:\\Users\\26708\\DevEcoStudioProjects\\Weather-master\\entry\\build\\default\\intermediates\\res\\default\\resources.index","type":"file","isSymbolicLink":false,"fileMetaData":{"size":6600,"lastModifiedTime":1733232781923}},{"hashValue":"20545df5e878f277944b21d6414e3031","name":"ResourceTable.txt","path":"C:\\Users\\26708\\DevEcoStudioProjects\\Weather-master\\entry\\build\\default\\intermediates\\res\\default\\ResourceTable.txt","type":"file","isSymbolicLink":false,"fileMetaData":{"size":2105,"lastModifiedTime":1733232781922}}]},"C:\\Users\\26708\\DevEcoStudioProjects\\Weather-master\\entry\\build\\default\\generated\\r\\default\\ResourceTable.h":{"hashValue":"847d40159d636eb38d1afcf3756c4c16","name":"ResourceTable.h","path":"C:\\Users\\26708\\DevEcoStudioProjects\\Weather-master\\entry\\build\\default\\generated\\r\\default\\ResourceTable.h","type":"file","isSymbolicLink":false,"fileMetaData":{"size":4154,"lastModifiedTime":1733232781921}},"C:\\Users\\26708\\DevEcoStudioProjects\\Weather-master\\entry\\build\\default\\generated\\r\\default":{"hashValue":"7f1f64ddaef7c33493f9cd964fabf821","name":"default","path":"C:\\Users\\26708\\DevEcoStudioProjects\\Weather-master\\entry\\build\\default\\generated\\r\\default","type":"directory","isSymbolicLink":false,"children":[{"hashValue":"847d40159d636eb38d1afcf3756c4c16","name":"ResourceTable.h","path":"C:\\Users\\26708\\DevEcoStudioProjects\\Weather-master\\entry\\build\\default\\generated\\r\\default\\ResourceTable.h","type":"file","isSymbolicLink":false,"fileMetaData":{"size":4154,"lastModifiedTime":1733232781921}}]},"C:\\Users\\26708\\DevEcoStudioProjects\\Weather-master\\entry\\build\\default\\intermediates\\loader\\default":{"hashValue":"9df6f2a8e470734675195443f83e77fb","name":"default","path":"C:\\Users\\26708\\DevEcoStudioProjects\\Weather-master\\entry\\build\\default\\intermediates\\loader\\default","type":"directory","isSymbolicLink":false,"children":[{"hashValue":"ecb41574045627621cb128ea09218552","name":"loader.json","path":"C:\\Users\\26708\\DevEcoStudioProjects\\Weather-master\\entry\\build\\default\\intermediates\\loader\\default\\loader.json","type":"file","isSymbolicLink":false,"fileMetaData":{"size":999,"lastModifiedTime":1733215528333}}]},"C:\\Users\\26708\\DevEcoStudioProjects\\Weather-master\\entry\\build\\default\\intermediates\\res\\default\\ResourceTable.txt":{"hashValue":"20545df5e878f277944b21d6414e3031","name":"ResourceTable.txt","path":"C:\\Users\\26708\\DevEcoStudioProjects\\Weather-master\\entry\\build\\default\\intermediates\\res\\default\\ResourceTable.txt","type":"file","isSymbolicLink":false,"fileMetaData":{"size":2105,"lastModifiedTime":1733232781922}},"C:\\Users\\26708\\DevEcoStudioProjects\\Weather-master\\entry\\build\\default\\intermediates\\res\\default\\module.json":{"hashValue":"69fdb1b533bb2e395bb98bffbd9d89e7","name":"module.json","path":"C:\\Users\\26708\\DevEcoStudioProjects\\Weather-master\\entry\\build\\default\\intermediates\\res\\default\\module.json","type":"file","isSymbolicLink":false,"fileMetaData":{"size":2531,"lastModifiedTime":1733232781922}},"C:\\Users\\26708\\DevEcoStudioProjects\\Weather-master\\entry\\build\\default\\intermediates\\res\\default\\resources\\base\\profile":{"hashValue":"af97612c18a540ebf08f4d2df88e07d9","name":"profile","path":"C:\\Users\\26708\\DevEcoStudioProjects\\Weather-master\\entry\\build\\default\\intermediates\\res\\default\\resources\\base\\profile","type":"directory","isSymbolicLink":false,"children":[{"hashValue":"421143356529e86d1f2fb0954bad57a7","name":"backup_config.json","path":"C:\\Users\\26708\\DevEcoStudioProjects\\Weather-master\\entry\\build\\default\\intermediates\\res\\default\\resources\\base\\profile\\backup_config.json","type":"file","isSymbolicLink":false,"fileMetaData":{"size":34,"lastModifiedTime":1733215439760}},{"hashValue":"99f1f65424c8a78cf52587ad476ebf0d","name":"main_pages.json","path":"C:\\Users\\26708\\DevEcoStudioProjects\\Weather-master\\entry\\build\\default\\intermediates\\res\\default\\resources\\base\\profile\\main_pages.json","type":"file","isSymbolicLink":false,"fileMetaData":{"size":60,"lastModifiedTime":1733215439787}}]},"C:\\Users\\26708\\DevEcoStudioProjects\\Weather-master\\entry\\src\\main\\ets":{"hashValue":"fdb4af631fdf6ebe7e96845a29100c2b","name":"ets","path":"C:\\Users\\26708\\DevEcoStudioProjects\\Weather-master\\entry\\src\\main\\ets","type":"directory","isSymbolicLink":false,"children":[{"hashValue":"de5e0c34d5b4cd5ccd020425f6ef1060","name":"common","path":"C:\\Users\\26708\\DevEcoStudioProjects\\Weather-master\\entry\\src\\main\\ets\\common","type":"directory","isSymbolicLink":false,"children":[{"hashValue":"88690c7b7ac74879b26e40e17de2169e","name":"constants","path":"C:\\Users\\26708\\DevEcoStudioProjects\\Weather-master\\entry\\src\\main\\ets\\common\\constants","type":"directory","isSymbolicLink":false,"children":[{"hashValue":"b8ef740f81ecc5984b6de0374fc5e2d0","name":"CommonConstants.ets","path":"C:\\Users\\26708\\DevEcoStudioProjects\\Weather-master\\entry\\src\\main\\ets\\common\\constants\\CommonConstants.ets","type":"file","isSymbolicLink":false,"fileMetaData":{"size":2352,"lastModifiedTime":1733232497254}}]},{"hashValue":"e18cd8ff1835b5d4342ad8bdfb35c30b","name":"util","path":"C:\\Users\\26708\\DevEcoStudioProjects\\Weather-master\\entry\\src\\main\\ets\\common\\util","type":"directory","isSymbolicLink":false,"children":[{"hashValue":"9d6cd1370812ac59dfbd9538bc07b374","name":"BackgroundUtil.ets","path":"C:\\Users\\26708\\DevEcoStudioProjects\\Weather-master\\entry\\src\\main\\ets\\common\\util\\BackgroundUtil.ets","type":"file","isSymbolicLink":false,"fileMetaData":{"size":701,"lastModifiedTime":1733215436049}},{"hashValue":"ae4a734e3e5e705fa0e839f0ab2f5b7e","name":"HttpGet.ets","path":"C:\\Users\\26708\\DevEcoStudioProjects\\Weather-master\\entry\\src\\main\\ets\\common\\util\\HttpGet.ets","type":"file","isSymbolicLink":false,"fileMetaData":{"size":3203,"lastModifiedTime":1733230148360}},{"hashValue":"66c711b73b42760742bb0b3342d67eb2","name":"LocationUtil.ets","path":"C:\\Users\\26708\\DevEcoStudioProjects\\Weather-master\\entry\\src\\main\\ets\\common\\util\\LocationUtil.ets","type":"file","isSymbolicLink":false,"fileMetaData":{"size":1879,"lastModifiedTime":1733216073577}},{"hashValue":"37153ef1f3c5b8029ef53852010bcafa","name":"Logger.ts","path":"C:\\Users\\26708\\DevEcoStudioProjects\\Weather-master\\entry\\src\\main\\ets\\common\\util\\Logger.ts","type":"file","isSymbolicLink":false,"fileMetaData":{"size":868,"lastModifiedTime":1733216082427}},{"hashValue":"736e3945bad0d8bd9867f8aa3745d81d","name":"PreferenceUtil.ts","path":"C:\\Users\\26708\\DevEcoStudioProjects\\Weather-master\\entry\\src\\main\\ets\\common\\util\\PreferenceUtil.ts","type":"file","isSymbolicLink":false,"fileMetaData":{"size":3039,"lastModifiedTime":1733215436180}}]}]},{"hashValue":"d2e2acb7285f70023b38cfe40b4ab110","name":"entryability","path":"C:\\Users\\26708\\DevEcoStudioProjects\\Weather-master\\entry\\src\\main\\ets\\entryability","type":"directory","isSymbolicLink":false,"children":[{"hashValue":"313cc69c6814f417acb8e80291cd43d4","name":"EntryAbility.ets","path":"C:\\Users\\26708\\DevEcoStudioProjects\\Weather-master\\entry\\src\\main\\ets\\entryability\\EntryAbility.ets","type":"file","isSymbolicLink":false,"fileMetaData":{"size":2401,"lastModifiedTime":1733215436228}}]},{"hashValue":"d41b173af33dc8f33f20607a28a62784","name":"entrybackupability","path":"C:\\Users\\26708\\DevEcoStudioProjects\\Weather-master\\entry\\src\\main\\ets\\entrybackupability","type":"directory","isSymbolicLink":false,"children":[{"hashValue":"de0539a2ce6dffd85ed6813e933cab12","name":"EntryBackupAbility.ets","path":"C:\\Users\\26708\\DevEcoStudioProjects\\Weather-master\\entry\\src\\main\\ets\\entrybackupability\\EntryBackupAbility.ets","type":"file","isSymbolicLink":false,"fileMetaData":{"size":425,"lastModifiedTime":1733215436270}}]},{"hashValue":"","name":"model","path":"C:\\Users\\26708\\DevEcoStudioProjects\\Weather-master\\entry\\src\\main\\ets\\model","type":"directory","isSymbolicLink":false,"children":[]},{"hashValue":"1380221416b268351a0de8f5ba6cbfb8","name":"pages","path":"C:\\Users\\26708\\DevEcoStudioProjects\\Weather-master\\entry\\src\\main\\ets\\pages","type":"directory","isSymbolicLink":false,"children":[{"hashValue":"6c62a23ee33f2559c815db907cd8f1d7","name":"CityManage.ets","path":"C:\\Users\\26708\\DevEcoStudioProjects\\Weather-master\\entry\\src\\main\\ets\\pages\\CityManage.ets","type":"file","isSymbolicLink":false,"fileMetaData":{"size":681,"lastModifiedTime":1733232049175}},{"hashValue":"5db2ce9e07e3cd388a5a6d751e86e7b7","name":"Index.ets","path":"C:\\Users\\26708\\DevEcoStudioProjects\\Weather-master\\entry\\src\\main\\ets\\pages\\Index.ets","type":"file","isSymbolicLink":false,"fileMetaData":{"size":2999,"lastModifiedTime":1733232161753}}]},{"hashValue":"8a9f13cb0991b71b450cbb3f4ec29e47","name":"view","path":"C:\\Users\\26708\\DevEcoStudioProjects\\Weather-master\\entry\\src\\main\\ets\\view","type":"directory","isSymbolicLink":false,"children":[{"hashValue":"1949d199a8097da1bb0ad63504e4c428","name":"City","path":"C:\\Users\\26708\\DevEcoStudioProjects\\Weather-master\\entry\\src\\main\\ets\\view\\City","type":"directory","isSymbolicLink":false,"children":[{"hashValue":"0d6a6c30d2aefe5499ca2085c26470c7","name":"CityHeader.ets","path":"C:\\Users\\26708\\DevEcoStudioProjects\\Weather-master\\entry\\src\\main\\ets\\view\\City\\CityHeader.ets","type":"file","isSymbolicLink":false,"fileMetaData":{"size":4836,"lastModifiedTime":1733231785667}},{"hashValue":"9545a3cee6685e517226d1f30bb1af43","name":"CityList.ets","path":"C:\\Users\\26708\\DevEcoStudioProjects\\Weather-master\\entry\\src\\main\\ets\\view\\City\\CityList.ets","type":"file","isSymbolicLink":false,"fileMetaData":{"size":3309,"lastModifiedTime":1733225682635}},{"hashValue":"8010841ec7c051f959c044f090d7ed13","name":"SearchHeader.ets","path":"C:\\Users\\26708\\DevEcoStudioProjects\\Weather-master\\entry\\src\\main\\ets\\view\\City\\SearchHeader.ets","type":"file","isSymbolicLink":false,"fileMetaData":{"size":2238,"lastModifiedTime":1733232171585}}]},{"hashValue":"a0f972069f4ebbc8653729ebfdf67570","name":"Record","path":"C:\\Users\\26708\\DevEcoStudioProjects\\Weather-master\\entry\\src\\main\\ets\\view\\Record","type":"directory","isSymbolicLink":false,"children":[{"hashValue":"54fd5a715fa40b8fb7a9caefc62e539c","name":"CityWeather.ets","path":"C:\\Users\\26708\\DevEcoStudioProjects\\Weather-master\\entry\\src\\main\\ets\\view\\Record\\CityWeather.ets","type":"file","isSymbolicLink":false,"fileMetaData":{"size":4355,"lastModifiedTime":1733231963847}},{"hashValue":"820d85dc5753434b75487f58d235170a","name":"ProgressUsage.ets","path":"C:\\Users\\26708\\DevEcoStudioProjects\\Weather-master\\entry\\src\\main\\ets\\view\\Record\\ProgressUsage.ets","type":"file","isSymbolicLink":false,"fileMetaData":{"size":1304,"lastModifiedTime":1733231607427}},{"hashValue":"59dfc842608aba0720aa8b92fdc0e0e4","name":"The24HoursDetail.ets","path":"C:\\Users\\26708\\DevEcoStudioProjects\\Weather-master\\entry\\src\\main\\ets\\view\\Record\\The24HoursDetail.ets","type":"file","isSymbolicLink":false,"fileMetaData":{"size":1478,"lastModifiedTime":1733233307666}},{"hashValue":"5af3b78628d6fbbf38cd06aedeafade2","name":"The7DayDetail.ets","path":"C:\\Users\\26708\\DevEcoStudioProjects\\Weather-master\\entry\\src\\main\\ets\\view\\Record\\The7DayDetail.ets","type":"file","isSymbolicLink":false,"fileMetaData":{"size":2882,"lastModifiedTime":1733233326065}},{"hashValue":"f5e83c5ef453c0825f9c604ff0fbc9af","name":"TopNavBar.ets","path":"C:\\Users\\26708\\DevEcoStudioProjects\\Weather-master\\entry\\src\\main\\ets\\view\\Record\\TopNavBar.ets","type":"file","isSymbolicLink":false,"fileMetaData":{"size":1536,"lastModifiedTime":1733222899467}}]}]},{"hashValue":"eef38b3ef491458fccce7db2a82f965b","name":"viewmodel","path":"C:\\Users\\26708\\DevEcoStudioProjects\\Weather-master\\entry\\src\\main\\ets\\viewmodel","type":"directory","isSymbolicLink":false,"children":[{"hashValue":"426c52b58c17381ab6790d717e3ece62","name":"City.ets","path":"C:\\Users\\26708\\DevEcoStudioProjects\\Weather-master\\entry\\src\\main\\ets\\viewmodel\\City.ets","type":"file","isSymbolicLink":false,"fileMetaData":{"size":240,"lastModifiedTime":1733215436881}},{"hashValue":"6752a7d70f4defb9272fcf2ff2aafb84","name":"DayWeather.ets","path":"C:\\Users\\26708\\DevEcoStudioProjects\\Weather-master\\entry\\src\\main\\ets\\viewmodel\\DayWeather.ets","type":"file","isSymbolicLink":false,"fileMetaData":{"size":1542,"lastModifiedTime":1733215436910}},{"hashValue":"41f34804761f562f9ec6d87de06ea7c9","name":"HourWeather.ets","path":"C:\\Users\\26708\\DevEcoStudioProjects\\Weather-master\\entry\\src\\main\\ets\\viewmodel\\HourWeather.ets","type":"file","isSymbolicLink":false,"fileMetaData":{"size":897,"lastModifiedTime":1733215436939}},{"hashValue":"daca3f85e4aa353c2409b2f624117c5c","name":"OtherItem.ets","path":"C:\\Users\\26708\\DevEcoStudioProjects\\Weather-master\\entry\\src\\main\\ets\\viewmodel\\OtherItem.ets","type":"file","isSymbolicLink":false,"fileMetaData":{"size":2690,"lastModifiedTime":1733215436977}},{"hashValue":"bd558926b1383968729eadc486226a37","name":"WeatherItem.ets","path":"C:\\Users\\26708\\DevEcoStudioProjects\\Weather-master\\entry\\src\\main\\ets\\viewmodel\\WeatherItem.ets","type":"file","isSymbolicLink":false,"fileMetaData":{"size":1725,"lastModifiedTime":1733215437006}}]}]},"C:\\Users\\26708\\DevEcoStudioProjects\\Weather-master\\entry\\build\\default\\intermediates\\loader_out\\default\\ets":{"hashValue":"a1c50771e26f1171713c0a0062001db3","name":"ets","path":"C:\\Users\\26708\\DevEcoStudioProjects\\Weather-master\\entry\\build\\default\\intermediates\\loader_out\\default\\ets","type":"directory","isSymbolicLink":false,"children":[{"hashValue":"3142c9ac63ae34a07ed36360e04d3e9b","name":"modules.abc","path":"C:\\Users\\26708\\DevEcoStudioProjects\\Weather-master\\entry\\build\\default\\intermediates\\loader_out\\default\\ets\\modules.abc","type":"file","isSymbolicLink":false,"fileMetaData":{"size":178424,"lastModifiedTime":1733233327802}},{"hashValue":"19146bee755a291779b5aee0ca1a7ce4","name":"sourceMaps.map","path":"C:\\Users\\26708\\DevEcoStudioProjects\\Weather-master\\entry\\build\\default\\intermediates\\loader_out\\default\\ets\\sourceMaps.map","type":"file","isSymbolicLink":false,"fileMetaData":{"size":57064,"lastModifiedTime":1733233327712}}]},"C:\\Users\\26708\\DevEcoStudioProjects\\Weather-master\\entry\\build\\default\\intermediates\\stripped_native_libs\\default":{"hashValue":"","name":"default","path":"C:\\Users\\26708\\DevEcoStudioProjects\\Weather-master\\entry\\build\\default\\intermediates\\stripped_native_libs\\default","type":"directory","isSymbolicLink":false,"children":[]},"C:\\Users\\26708\\DevEcoStudioProjects\\Weather-master\\entry\\build\\default\\intermediates\\patch\\default\\base_native_libs.json":{"hashValue":"2fcc31a1bc4aad10e2b99417127276f3","name":"base_native_libs.json","path":"C:\\Users\\26708\\DevEcoStudioProjects\\Weather-master\\entry\\build\\default\\intermediates\\patch\\default\\base_native_libs.json","type":"file","isSymbolicLink":false,"fileMetaData":{"size":25,"lastModifiedTime":1733215530608}},"C:\\Users\\26708\\DevEcoStudioProjects\\Weather-master\\entry\\build\\default\\intermediates\\package\\default\\module.json":{"hashValue":"69fdb1b533bb2e395bb98bffbd9d89e7","name":"module.json","path":"C:\\Users\\26708\\DevEcoStudioProjects\\Weather-master\\entry\\build\\default\\intermediates\\package\\default\\module.json","type":"file","isSymbolicLink":false,"fileMetaData":{"size":2531,"lastModifiedTime":1733232781922}},"C:\\Users\\26708\\DevEcoStudioProjects\\Weather-master\\entry\\build\\default\\intermediates\\res\\default\\resources":{"hashValue":"6f019b27f4b552138576c5a10bcb46c0","name":"resources","path":"C:\\Users\\26708\\DevEcoStudioProjects\\Weather-master\\entry\\build\\default\\intermediates\\res\\default\\resources","type":"directory","isSymbolicLink":false,"children":[{"hashValue":"e49d1a646cd30ac51efc4c943ae12ac3","name":"base","path":"C:\\Users\\26708\\DevEcoStudioProjects\\Weather-master\\entry\\build\\default\\intermediates\\res\\default\\resources\\base","type":"directory","isSymbolicLink":false,"children":[{"hashValue":"20f23ab7308182276793019dd926bde0","name":"media","path":"C:\\Users\\26708\\DevEcoStudioProjects\\Weather-master\\entry\\build\\default\\intermediates\\res\\default\\resources\\base\\media","type":"directory","isSymbolicLink":false,"children":[{"hashValue":"fa0f821a510c6e7e39a8dbc51d10690a","name":"100.svg","path":"C:\\Users\\26708\\DevEcoStudioProjects\\Weather-master\\entry\\build\\default\\intermediates\\res\\default\\resources\\base\\media\\100.svg","type":"file","isSymbolicLink":false,"fileMetaData":{"size":551,"lastModifiedTime":1733228536291}},{"hashValue":"d4b3eae84a09ee5d6e55b2a87178899d","name":"101.svg","path":"C:\\Users\\26708\\DevEcoStudioProjects\\Weather-master\\entry\\build\\default\\intermediates\\res\\default\\resources\\base\\media\\101.svg","type":"file","isSymbolicLink":false,"fileMetaData":{"size":912,"lastModifiedTime":1733228578337}},{"hashValue":"4554c4f2f12950e99a5ffef4ad13852d","name":"102.svg","path":"C:\\Users\\26708\\DevEcoStudioProjects\\Weather-master\\entry\\build\\default\\intermediates\\res\\default\\resources\\base\\media\\102.svg","type":"file","isSymbolicLink":false,"fileMetaData":{"size":912,"lastModifiedTime":1733228578329}},{"hashValue":"552256fd8bf95d25f47bc151fe56b59e","name":"103.svg","path":"C:\\Users\\26708\\DevEcoStudioProjects\\Weather-master\\entry\\build\\default\\intermediates\\res\\default\\resources\\base\\media\\103.svg","type":"file","isSymbolicLink":false,"fileMetaData":{"size":912,"lastModifiedTime":1733228578319}},{"hashValue":"fa57fab9442db5f040b68ed01fae4b4c","name":"104.svg","path":"C:\\Users\\26708\\DevEcoStudioProjects\\Weather-master\\entry\\build\\default\\intermediates\\res\\default\\resources\\base\\media\\104.svg","type":"file","isSymbolicLink":false,"fileMetaData":{"size":569,"lastModifiedTime":1733228603791}},{"hashValue":"db1ca93b7e7e2ea9e74f4d96664829f1","name":"150.svg","path":"C:\\Users\\26708\\DevEcoStudioProjects\\Weather-master\\entry\\build\\default\\intermediates\\res\\default\\resources\\base\\media\\150.svg","type":"file","isSymbolicLink":false,"fileMetaData":{"size":357,"lastModifiedTime":1733228508345}},{"hashValue":"582c390ff1bcce73e333ecda177a2150","name":"151.svg","path":"C:\\Users\\26708\\DevEcoStudioProjects\\Weather-master\\entry\\build\\default\\intermediates\\res\\default\\resources\\base\\media\\151.svg","type":"file","isSymbolicLink":false,"fileMetaData":{"size":357,"lastModifiedTime":1733228475746}},{"hashValue":"8017e0542ff097e59a08b2687ad807c7","name":"152.svg","path":"C:\\Users\\26708\\DevEcoStudioProjects\\Weather-master\\entry\\build\\default\\intermediates\\res\\default\\resources\\base\\media\\152.svg","type":"file","isSymbolicLink":false,"fileMetaData":{"size":357,"lastModifiedTime":1733228475753}},{"hashValue":"aa23722ab228bff89e277b22142c0e82","name":"153.svg","path":"C:\\Users\\26708\\DevEcoStudioProjects\\Weather-master\\entry\\build\\default\\intermediates\\res\\default\\resources\\base\\media\\153.svg","type":"file","isSymbolicLink":false,"fileMetaData":{"size":357,"lastModifiedTime":1733228475738}},{"hashValue":"021d4af3a833fb4d012818a38c6fd51d","name":"300.svg","path":"C:\\Users\\26708\\DevEcoStudioProjects\\Weather-master\\entry\\build\\default\\intermediates\\res\\default\\resources\\base\\media\\300.svg","type":"file","isSymbolicLink":false,"fileMetaData":{"size":631,"lastModifiedTime":1733228625407}},{"hashValue":"9494d68041400b3038bb2091ec46e784","name":"301.svg","path":"C:\\Users\\26708\\DevEcoStudioProjects\\Weather-master\\entry\\build\\default\\intermediates\\res\\default\\resources\\base\\media\\301.svg","type":"file","isSymbolicLink":false,"fileMetaData":{"size":708,"lastModifiedTime":1733228635199}},{"hashValue":"ac2b1bd9990830ce312c17c99cfac486","name":"302.svg","path":"C:\\Users\\26708\\DevEcoStudioProjects\\Weather-master\\entry\\build\\default\\intermediates\\res\\default\\resources\\base\\media\\302.svg","type":"file","isSymbolicLink":false,"fileMetaData":{"size":691,"lastModifiedTime":1733228651320}},{"hashValue":"cdcfe3387ee96666ed1923bec3e04ea9","name":"303.svg","path":"C:\\Users\\26708\\DevEcoStudioProjects\\Weather-master\\entry\\build\\default\\intermediates\\res\\default\\resources\\base\\media\\303.svg","type":"file","isSymbolicLink":false,"fileMetaData":{"size":691,"lastModifiedTime":1733228651313}},{"hashValue":"737e73debed141ba8a70676db6a08db3","name":"304.svg","path":"C:\\Users\\26708\\DevEcoStudioProjects\\Weather-master\\entry\\build\\default\\intermediates\\res\\default\\resources\\base\\media\\304.svg","type":"file","isSymbolicLink":false,"fileMetaData":{"size":691,"lastModifiedTime":1733228651304}},{"hashValue":"0f03ec249ac129ae9449ea1299286378","name":"305.svg","path":"C:\\Users\\26708\\DevEcoStudioProjects\\Weather-master\\entry\\build\\default\\intermediates\\res\\default\\resources\\base\\media\\305.svg","type":"file","isSymbolicLink":false,"fileMetaData":{"size":669,"lastModifiedTime":1733228687428}},{"hashValue":"124864610793d592508ae51c00679342","name":"306.svg","path":"C:\\Users\\26708\\DevEcoStudioProjects\\Weather-master\\entry\\build\\default\\intermediates\\res\\default\\resources\\base\\media\\306.svg","type":"file","isSymbolicLink":false,"fileMetaData":{"size":669,"lastModifiedTime":1733228687461}},{"hashValue":"e5eb29ed9cf60a15061a153b73cfa785","name":"307.svg","path":"C:\\Users\\26708\\DevEcoStudioProjects\\Weather-master\\entry\\build\\default\\intermediates\\res\\default\\resources\\base\\media\\307.svg","type":"file","isSymbolicLink":false,"fileMetaData":{"size":669,"lastModifiedTime":1733228687419}},{"hashValue":"5903a2780db5f9031d65f5312db7488d","name":"308.svg","path":"C:\\Users\\26708\\DevEcoStudioProjects\\Weather-master\\entry\\build\\default\\intermediates\\res\\default\\resources\\base\\media\\308.svg","type":"file","isSymbolicLink":false,"fileMetaData":{"size":669,"lastModifiedTime":1733228687446}},{"hashValue":"62f96e560c36aacf44afcb02a7638a40","name":"309.svg","path":"C:\\Users\\26708\\DevEcoStudioProjects\\Weather-master\\entry\\build\\default\\intermediates\\res\\default\\resources\\base\\media\\309.svg","type":"file","isSymbolicLink":false,"fileMetaData":{"size":669,"lastModifiedTime":1733228687481}},{"hashValue":"2513f57dba8d82bf2f259d74f1da85dc","name":"310.svg","path":"C:\\Users\\26708\\DevEcoStudioProjects\\Weather-master\\entry\\build\\default\\intermediates\\res\\default\\resources\\base\\media\\310.svg","type":"file","isSymbolicLink":false,"fileMetaData":{"size":669,"lastModifiedTime":1733228687437}},{"hashValue":"6d883096cbf4e7c5d0e65a59a456479f","name":"311.svg","path":"C:\\Users\\26708\\DevEcoStudioProjects\\Weather-master\\entry\\build\\default\\intermediates\\res\\default\\resources\\base\\media\\311.svg","type":"file","isSymbolicLink":false,"fileMetaData":{"size":669,"lastModifiedTime":1733228687474}},{"hashValue":"e3da0463aa272d00f111363bbb182b41","name":"312.svg","path":"C:\\Users\\26708\\DevEcoStudioProjects\\Weather-master\\entry\\build\\default\\intermediates\\res\\default\\resources\\base\\media\\312.svg","type":"file","isSymbolicLink":false,"fileMetaData":{"size":669,"lastModifiedTime":1733228687453}},{"hashValue":"17723ea2bb2040b881d3817f102314f8","name":"313.svg","path":"C:\\Users\\26708\\DevEcoStudioProjects\\Weather-master\\entry\\build\\default\\intermediates\\res\\default\\resources\\base\\media\\313.svg","type":"file","isSymbolicLink":false,"fileMetaData":{"size":669,"lastModifiedTime":1733228687467}},{"hashValue":"9c8a94d998860d742381accad6ca7910","name":"314.svg","path":"C:\\Users\\26708\\DevEcoStudioProjects\\Weather-master\\entry\\build\\default\\intermediates\\res\\default\\resources\\base\\media\\314.svg","type":"file","isSymbolicLink":false,"fileMetaData":{"size":1901,"lastModifiedTime":1733215437830}},{"hashValue":"0be1d2658a0928a36bddf899a855ae9f","name":"315.svg","path":"C:\\Users\\26708\\DevEcoStudioProjects\\Weather-master\\entry\\build\\default\\intermediates\\res\\default\\resources\\base\\media\\315.svg","type":"file","isSymbolicLink":false,"fileMetaData":{"size":2057,"lastModifiedTime":1733215437863}},{"hashValue":"44bdb577f6460e1fed2965927e8cd794","name":"316.svg","path":"C:\\Users\\26708\\DevEcoStudioProjects\\Weather-master\\entry\\build\\default\\intermediates\\res\\default\\resources\\base\\media\\316.svg","type":"file","isSymbolicLink":false,"fileMetaData":{"size":2196,"lastModifiedTime":1733215437896}},{"hashValue":"7db5e521fb19c5157a43720b82e1672c","name":"317.svg","path":"C:\\Users\\26708\\DevEcoStudioProjects\\Weather-master\\entry\\build\\default\\intermediates\\res\\default\\resources\\base\\media\\317.svg","type":"file","isSymbolicLink":false,"fileMetaData":{"size":1991,"lastModifiedTime":1733215437928}},{"hashValue":"d347c47fc985b5174b2a6444cd2ba3cb","name":"318.svg","path":"C:\\Users\\26708\\DevEcoStudioProjects\\Weather-master\\entry\\build\\default\\intermediates\\res\\default\\resources\\base\\media\\318.svg","type":"file","isSymbolicLink":false,"fileMetaData":{"size":2095,"lastModifiedTime":1733215437960}},{"hashValue":"2fa96735f2d198b492a9e8612e4893d1","name":"350.svg","path":"C:\\Users\\26708\\DevEcoStudioProjects\\Weather-master\\entry\\build\\default\\intermediates\\res\\default\\resources\\base\\media\\350.svg","type":"file","isSymbolicLink":false,"fileMetaData":{"size":1481,"lastModifiedTime":1733215437992}},{"hashValue":"46b22959b3fc0095ce9089f4af056b3e","name":"351.svg","path":"C:\\Users\\26708\\DevEcoStudioProjects\\Weather-master\\entry\\build\\default\\intermediates\\res\\default\\resources\\base\\media\\351.svg","type":"file","isSymbolicLink":false,"fileMetaData":{"size":1587,"lastModifiedTime":1733215438025}},{"hashValue":"4206aded9c06d7b9073c4c9e4ef1c076","name":"399.svg","path":"C:\\Users\\26708\\DevEcoStudioProjects\\Weather-master\\entry\\build\\default\\intermediates\\res\\default\\resources\\base\\media\\399.svg","type":"file","isSymbolicLink":false,"fileMetaData":{"size":983,"lastModifiedTime":1733215438054}},{"hashValue":"a842aeaf4ec1adad11c5b5659945c502","name":"400.svg","path":"C:\\Users\\26708\\DevEcoStudioProjects\\Weather-master\\entry\\build\\default\\intermediates\\res\\default\\resources\\base\\media\\400.svg","type":"file","isSymbolicLink":false,"fileMetaData":{"size":1120,"lastModifiedTime":1733215438087}},{"hashValue":"9bda58fdee477a9e4e34c63098596310","name":"401.svg","path":"C:\\Users\\26708\\DevEcoStudioProjects\\Weather-master\\entry\\build\\default\\intermediates\\res\\default\\resources\\base\\media\\401.svg","type":"file","isSymbolicLink":false,"fileMetaData":{"size":1324,"lastModifiedTime":1733215438119}},{"hashValue":"ff7f29b5945c4a337e3114e5dd300996","name":"402.svg","path":"C:\\Users\\26708\\DevEcoStudioProjects\\Weather-master\\entry\\build\\default\\intermediates\\res\\default\\resources\\base\\media\\402.svg","type":"file","isSymbolicLink":false,"fileMetaData":{"size":1591,"lastModifiedTime":1733215438150}},{"hashValue":"f3d847d6a4d37688b25887046033e981","name":"403.svg","path":"C:\\Users\\26708\\DevEcoStudioProjects\\Weather-master\\entry\\build\\default\\intermediates\\res\\default\\resources\\base\\media\\403.svg","type":"file","isSymbolicLink":false,"fileMetaData":{"size":1793,"lastModifiedTime":1733215438182}},{"hashValue":"47314fd847d234a3e2fb85fa01cef022","name":"404.svg","path":"C:\\Users\\26708\\DevEcoStudioProjects\\Weather-master\\entry\\build\\default\\intermediates\\res\\default\\resources\\base\\media\\404.svg","type":"file","isSymbolicLink":false,"fileMetaData":{"size":1221,"lastModifiedTime":1733215438214}},{"hashValue":"6182bb193a39b736847f85d939aa5d6a","name":"405.svg","path":"C:\\Users\\26708\\DevEcoStudioProjects\\Weather-master\\entry\\build\\default\\intermediates\\res\\default\\resources\\base\\media\\405.svg","type":"file","isSymbolicLink":false,"fileMetaData":{"size":1221,"lastModifiedTime":1733215438245}},{"hashValue":"111afe28c0f0a7976218c0ebc2a83652","name":"406.svg","path":"C:\\Users\\26708\\DevEcoStudioProjects\\Weather-master\\entry\\build\\default\\intermediates\\res\\default\\resources\\base\\media\\406.svg","type":"file","isSymbolicLink":false,"fileMetaData":{"size":1859,"lastModifiedTime":1733215438276}},{"hashValue":"d73b45d3f2c43cfc50512ae7ce75d613","name":"407.svg","path":"C:\\Users\\26708\\DevEcoStudioProjects\\Weather-master\\entry\\build\\default\\intermediates\\res\\default\\resources\\base\\media\\407.svg","type":"file","isSymbolicLink":false,"fileMetaData":{"size":2047,"lastModifiedTime":1733215438307}},{"hashValue":"5ead7ae8b7b2ceed4b04db827c57cd04","name":"408.svg","path":"C:\\Users\\26708\\DevEcoStudioProjects\\Weather-master\\entry\\build\\default\\intermediates\\res\\default\\resources\\base\\media\\408.svg","type":"file","isSymbolicLink":false,"fileMetaData":{"size":2232,"lastModifiedTime":1733215438333}},{"hashValue":"41857d4ba4bc15ddc41c4508fca7b877","name":"409.svg","path":"C:\\Users\\26708\\DevEcoStudioProjects\\Weather-master\\entry\\build\\default\\intermediates\\res\\default\\resources\\base\\media\\409.svg","type":"file","isSymbolicLink":false,"fileMetaData":{"size":2697,"lastModifiedTime":1733215438364}},{"hashValue":"86167a63b4468e1ba4dfa20c43f80923","name":"410.svg","path":"C:\\Users\\26708\\DevEcoStudioProjects\\Weather-master\\entry\\build\\default\\intermediates\\res\\default\\resources\\base\\media\\410.svg","type":"file","isSymbolicLink":false,"fileMetaData":{"size":3164,"lastModifiedTime":1733215438395}},{"hashValue":"411bbfbf49ea0aee71ad952d6545d559","name":"add_icon.svg","path":"C:\\Users\\26708\\DevEcoStudioProjects\\Weather-master\\entry\\build\\default\\intermediates\\res\\default\\resources\\base\\media\\add_icon.svg","type":"file","isSymbolicLink":false,"fileMetaData":{"size":850,"lastModifiedTime":1733215438428}},{"hashValue":"f0ddea78aaed2c2de11dcf5c2faa5408","name":"app_icon.png","path":"C:\\Users\\26708\\DevEcoStudioProjects\\Weather-master\\entry\\build\\default\\intermediates\\res\\default\\resources\\base\\media\\app_icon.png","type":"file","isSymbolicLink":false,"fileMetaData":{"size":6299,"lastModifiedTime":1733232746986}},{"hashValue":"354485f080686b77daf557d5fad1b1a3","name":"back_icon.svg","path":"C:\\Users\\26708\\DevEcoStudioProjects\\Weather-master\\entry\\build\\default\\intermediates\\res\\default\\resources\\base\\media\\back_icon.svg","type":"file","isSymbolicLink":false,"fileMetaData":{"size":1012,"lastModifiedTime":1733215438513}},{"hashValue":"12db1a63e6c89052788d44f5db49f6a7","name":"background.png","path":"C:\\Users\\26708\\DevEcoStudioProjects\\Weather-master\\entry\\build\\default\\intermediates\\res\\default\\resources\\base\\media\\background.png","type":"file","isSymbolicLink":false,"fileMetaData":{"size":57364,"lastModifiedTime":1733215438546}},{"hashValue":"5247940ad2dff2baea4a09a13de78608","name":"city_manager_icon.png","path":"C:\\Users\\26708\\DevEcoStudioProjects\\Weather-master\\entry\\build\\default\\intermediates\\res\\default\\resources\\base\\media\\city_manager_icon.png","type":"file","isSymbolicLink":false,"fileMetaData":{"size":4223,"lastModifiedTime":1733232612601}},{"hashValue":"69de27d83299cb8a6df073376cdd0ad6","name":"cloud1.png","path":"C:\\Users\\26708\\DevEcoStudioProjects\\Weather-master\\entry\\build\\default\\intermediates\\res\\default\\resources\\base\\media\\cloud1.png","type":"file","isSymbolicLink":false,"fileMetaData":{"size":72782,"lastModifiedTime":1733215438632}},{"hashValue":"f0dc2aafaa2087a311e07957bed62660","name":"cloud2.png","path":"C:\\Users\\26708\\DevEcoStudioProjects\\Weather-master\\entry\\build\\default\\intermediates\\res\\default\\resources\\base\\media\\cloud2.png","type":"file","isSymbolicLink":false,"fileMetaData":{"size":92159,"lastModifiedTime":1733215438661}},{"hashValue":"9df1f6749aff92ad28281312bf5a7818","name":"default_background.png","path":"C:\\Users\\26708\\DevEcoStudioProjects\\Weather-master\\entry\\build\\default\\intermediates\\res\\default\\resources\\base\\media\\default_background.png","type":"file","isSymbolicLink":false,"fileMetaData":{"size":254131,"lastModifiedTime":1733215438691}},{"hashValue":"1c3df51911fa1094de817c1bd7d2ac51","name":"default_background1.png","path":"C:\\Users\\26708\\DevEcoStudioProjects\\Weather-master\\entry\\build\\default\\intermediates\\res\\default\\resources\\base\\media\\default_background1.png","type":"file","isSymbolicLink":false,"fileMetaData":{"size":459910,"lastModifiedTime":1733215438719}},{"hashValue":"c04dc746e92e1f1850a840a6cfd93aff","name":"delete_icon.svg","path":"C:\\Users\\26708\\DevEcoStudioProjects\\Weather-master\\entry\\build\\default\\intermediates\\res\\default\\resources\\base\\media\\delete_icon.svg","type":"file","isSymbolicLink":false,"fileMetaData":{"size":2455,"lastModifiedTime":1733215438754}},{"hashValue":"696a3e381e7a4d6077db9fc04286843b","name":"edit_coin.svg","path":"C:\\Users\\26708\\DevEcoStudioProjects\\Weather-master\\entry\\build\\default\\intermediates\\res\\default\\resources\\base\\media\\edit_coin.svg","type":"file","isSymbolicLink":false,"fileMetaData":{"size":525,"lastModifiedTime":1733215438791}},{"hashValue":"fc61b88d82dc7eb709d31dfb01107abf","name":"foreground.png","path":"C:\\Users\\26708\\DevEcoStudioProjects\\Weather-master\\entry\\build\\default\\intermediates\\res\\default\\resources\\base\\media\\foreground.png","type":"file","isSymbolicLink":false,"fileMetaData":{"size":12430,"lastModifiedTime":1733215438854}},{"hashValue":"a94b15a89ecf8282669fea6b49ea274d","name":"layered_image.json","path":"C:\\Users\\26708\\DevEcoStudioProjects\\Weather-master\\entry\\build\\default\\intermediates\\res\\default\\resources\\base\\media\\layered_image.json","type":"file","isSymbolicLink":false,"fileMetaData":{"size":95,"lastModifiedTime":1733232781921}},{"hashValue":"783e27e0ece650d7fdb93fae1bb2a786","name":"overcast_background.jpg","path":"C:\\Users\\26708\\DevEcoStudioProjects\\Weather-master\\entry\\build\\default\\intermediates\\res\\default\\resources\\base\\media\\overcast_background.jpg","type":"file","isSymbolicLink":false,"fileMetaData":{"size":114671,"lastModifiedTime":1733214586000}},{"hashValue":"26dda4a4a318d73ad2ac3215172c351d","name":"rainy_background.jpg","path":"C:\\Users\\26708\\DevEcoStudioProjects\\Weather-master\\entry\\build\\default\\intermediates\\res\\default\\resources\\base\\media\\rainy_background.jpg","type":"file","isSymbolicLink":false,"fileMetaData":{"size":739712,"lastModifiedTime":1733214164000}},{"hashValue":"b1ba80e80d35e9cc7faf2d80a92ff3c5","name":"settings_icon.svg","path":"C:\\Users\\26708\\DevEcoStudioProjects\\Weather-master\\entry\\build\\default\\intermediates\\res\\default\\resources\\base\\media\\settings_icon.svg","type":"file","isSymbolicLink":false,"fileMetaData":{"size":2869,"lastModifiedTime":1733215439385}},{"hashValue":"5500d22ac43dd2176c5aa7cef4e6a5d0","name":"sky_background.png","path":"C:\\Users\\26708\\DevEcoStudioProjects\\Weather-master\\entry\\build\\default\\intermediates\\res\\default\\resources\\base\\media\\sky_background.png","type":"file","isSymbolicLink":false,"fileMetaData":{"size":458538,"lastModifiedTime":1733215439456}},{"hashValue":"084b1061ea19912268241145472aac00","name":"snowy_background.jpeg","path":"C:\\Users\\26708\\DevEcoStudioProjects\\Weather-master\\entry\\build\\default\\intermediates\\res\\default\\resources\\base\\media\\snowy_background.jpeg","type":"file","isSymbolicLink":false,"fileMetaData":{"size":306360,"lastModifiedTime":1733215082000}},{"hashValue":"d4349a914b24094ba6ef227641a6c1b9","name":"startIcon.png","path":"C:\\Users\\26708\\DevEcoStudioProjects\\Weather-master\\entry\\build\\default\\intermediates\\res\\default\\resources\\base\\media\\startIcon.png","type":"file","isSymbolicLink":false,"fileMetaData":{"size":20093,"lastModifiedTime":1733215439507}},{"hashValue":"d00e28b3b50f8e19ace19a86e6185e3c","name":"sunny_background.jpeg","path":"C:\\Users\\26708\\DevEcoStudioProjects\\Weather-master\\entry\\build\\default\\intermediates\\res\\default\\resources\\base\\media\\sunny_background.jpeg","type":"file","isSymbolicLink":false,"fileMetaData":{"size":126093,"lastModifiedTime":1733214432000}},{"hashValue":"9b1429d04b56440d34813ba222f03fdb","name":"updateWeather.png","path":"C:\\Users\\26708\\DevEcoStudioProjects\\Weather-master\\entry\\build\\default\\intermediates\\res\\default\\resources\\base\\media\\updateWeather.png","type":"file","isSymbolicLink":false,"fileMetaData":{"size":1000,"lastModifiedTime":1733222863188}}]},{"hashValue":"af97612c18a540ebf08f4d2df88e07d9","name":"profile","path":"C:\\Users\\26708\\DevEcoStudioProjects\\Weather-master\\entry\\build\\default\\intermediates\\res\\default\\resources\\base\\profile","type":"directory","isSymbolicLink":false,"children":[{"hashValue":"421143356529e86d1f2fb0954bad57a7","name":"backup_config.json","path":"C:\\Users\\26708\\DevEcoStudioProjects\\Weather-master\\entry\\build\\default\\intermediates\\res\\default\\resources\\base\\profile\\backup_config.json","type":"file","isSymbolicLink":false,"fileMetaData":{"size":34,"lastModifiedTime":1733215439760}},{"hashValue":"99f1f65424c8a78cf52587ad476ebf0d","name":"main_pages.json","path":"C:\\Users\\26708\\DevEcoStudioProjects\\Weather-master\\entry\\build\\default\\intermediates\\res\\default\\resources\\base\\profile\\main_pages.json","type":"file","isSymbolicLink":false,"fileMetaData":{"size":60,"lastModifiedTime":1733215439787}}]}]}]},"C:\\Users\\26708\\DevEcoStudioProjects\\Weather-master\\entry\\build\\default\\intermediates\\res\\default\\resources.index":{"hashValue":"0620f9b513cdd8fbd83d76bad6223b45","name":"resources.index","path":"C:\\Users\\26708\\DevEcoStudioProjects\\Weather-master\\entry\\build\\default\\intermediates\\res\\default\\resources.index","type":"file","isSymbolicLink":false,"fileMetaData":{"size":6600,"lastModifiedTime":1733232781923}},"C:\\Users\\26708\\DevEcoStudioProjects\\Weather-master\\entry\\build\\default\\outputs\\default\\entry-default-unsigned.hap":{"hashValue":"e4193a84ba5bcbe8680fe43bbcd0fb6b","name":"entry-default-unsigned.hap","path":"C:\\Users\\26708\\DevEcoStudioProjects\\Weather-master\\entry\\build\\default\\outputs\\default\\entry-default-unsigned.hap","type":"file","isSymbolicLink":false,"fileMetaData":{"size":3037255,"lastModifiedTime":1733233328445}},"C:\\Users\\26708\\DevEcoStudioProjects\\Weather-master\\entry\\build\\default\\outputs\\default\\mapping\\sourceMaps.map":{"hashValue":"19146bee755a291779b5aee0ca1a7ce4","name":"sourceMaps.map","path":"C:\\Users\\26708\\DevEcoStudioProjects\\Weather-master\\entry\\build\\default\\outputs\\default\\mapping\\sourceMaps.map","type":"file","isSymbolicLink":false,"fileMetaData":{"size":57064,"lastModifiedTime":1733233327712}},"C:\\Users\\26708\\DevEcoStudioProjects\\Weather-master\\entry\\build\\default\\intermediates\\loader\\default\\pkgContextInfo.json":{"hashValue":"","name":"emptyroot","path":"","type":"unknown","isSymbolicLink":false,"children":[]},"C:\\Users\\26708\\DevEcoStudioProjects\\Weather-master\\build\\cache\\default\\integrated_hsp\\integratedHspCache.json":{"hashValue":"","name":"emptyroot","path":"","type":"unknown","isSymbolicLink":false,"children":[]},"C:\\Users\\26708\\DevEcoStudioProjects\\Weather-master\\entry\\build\\default\\intermediates\\syscap\\default\\rpcid.sc":{"hashValue":"","name":"emptyroot","path":"","type":"unknown","isSymbolicLink":false,"children":[]},"C:\\Users\\26708\\DevEcoStudioProjects\\Weather-master\\entry\\build\\default\\intermediates\\loader_out\\default\\js":{"hashValue":"","name":"emptyroot","path":"","type":"unknown","isSymbolicLink":false,"children":[]},"C:\\Users\\26708\\DevEcoStudioProjects\\Weather-master\\entry\\build\\default\\outputs\\default\\entry-default-signed.hap":{"hashValue":"","name":"emptyroot","path":"","type":"unknown","isSymbolicLink":false,"children":[]}}