{":Weather-master:entry:default@PreBuild":{"_inputs":[{"dataType":"ValueEntry","value":"{\"_name\":\"BUILTIN_TASK_COMMAND\",\"_value\":\"\",\"_valueType\":\"string\",\"_hash\":\"0b5d05294fdf4e78e8482ef53eb64ac0\"}"},{"dataType":"ValueEntry","value":"{\"_name\":\"BUILTIN_TASK_ENV\",\"_value\":\"\",\"_valueType\":\"string\",\"_hash\":\"cdcdc2ec8062ca9ec1de46dbf2bbc053\"}"},{"dataType":"ValueEntry","value":"{\"_name\":\"BUILTIN_TASK_TOOLCHAIN\",\"_value\":\"\",\"_valueType\":\"string\",\"_hash\":\"e7f94a9422a8bc317a7d90b58efcb5f6\"}"},{"dataType":"ValueEntry","value":"{\"_name\":\"apiType\",\"_value\":\"stageMode\",\"_valueType\":\"string\",\"_hash\":\"699c7565645ea3ea8c88551a4926a3d5\"}"},{"dataType":"ValueEntry","value":"{\"_name\":\"byteCodeHar\",\"_value\":false,\"_valueType\":\"boolean\",\"_hash\":\"1918a3ccb645ccacd0aedd84fc6cf8a4\"}"},{"dataType":"ValueEntry","value":"{\"_name\":\"codeType\",\"_value\":true,\"_valueType\":\"boolean\",\"_hash\":\"d6dcf21a9f078b661283507536e57ce8\"}"},{"dataType":"ValueEntry","value":"{\"_name\":\"compatibleApiVersion\",\"_value\":12,\"_valueType\":\"number\",\"_hash\":\"b8c1ba3ecddcd8b1be17325fb873c8bc\"}"},{"dataType":"ValueEntry","value":"{\"_name\":\"compileApiVersion\",\"_value\":12,\"_valueType\":\"number\",\"_hash\":\"5bc55d1554c9b9f95bf3de5259c04c8b\"}"},{"dataType":"ValueEntry","value":"{\"_name\":\"configuration\",\"_value\":\"\",\"_valueType\":\"string\",\"_hash\":\"d12f0038691f8f34d654391bbcee2f8e\"}"},{"dataType":"ValueEntry","value":"{\"_name\":\"configurationFileJson\",\"_value\":\"\",\"_valueType\":\"string\",\"_hash\":\"2b55287f40f7e8896b21bab4028e156b\"}"},{"dataType":"ValueEntry","value":"{\"_name\":\"customTypes\",\"_value\":\"\",\"_valueType\":\"string\",\"_hash\":\"970a2695bffac1c5a4fa283dc36050e3\"}"},{"dataType":"ValueEntry","value":"{\"_name\":\"deviceType\",\"_value\":[\"phone\",\"tablet\",\"2in1\"],\"_valueType\":\"object\",\"_hash\":\"82734343919a9219c848a93ce88dfb4d\"}"},{"dataType":"ValueEntry","value":"{\"_name\":\"integrated_hsp\",\"_value\":false,\"_valueType\":\"boolean\",\"_hash\":\"2538281751f182d9123d2ab28efaf9be\"}"},{"dataType":"ValueEntry","value":"{\"_name\":\"isSupportOhpmProj\",\"_value\":true,\"_valueType\":\"boolean\",\"_hash\":\"f3a249d7e3f751316e931b8a08b074b4\"}"},{"dataType":"ValueEntry","value":"{\"_name\":\"mockConfigSources\",\"_value\":\"\",\"_valueType\":\"string\",\"_hash\":\"c489be8273867a50afbc86c53d938c92\"}"},{"dataType":"ValueEntry","value":"{\"_name\":\"moduleJsonOpt\",\"_value\":\"{\\\"jsonFilePath\\\":\\\"C:\\\\\\\\Users\\\\\\\\26708\\\\\\\\DevEcoStudioProjects\\\\\\\\Weather-master\\\\\\\\entry\\\\\\\\src\\\\\\\\main\\\\\\\\module.json5\\\",\\\"profile\\\":{\\\"module\\\":{\\\"requestPermissions\\\":[{\\\"name\\\":\\\"ohos.permission.LOCATION\\\",\\\"reason\\\":\\\"$string:location_permission\\\",\\\"usedScene\\\":{\\\"abilities\\\":[\\\"EntryAbility\\\"],\\\"when\\\":\\\"always\\\"}},{\\\"name\\\":\\\"ohos.permission.LOCATION_IN_BACKGROUND\\\",\\\"reason\\\":\\\"$string:background_location_permission\\\",\\\"usedScene\\\":{\\\"abilities\\\":[\\\"EntryAbility\\\"],\\\"when\\\":\\\"always\\\"}},{\\\"name\\\":\\\"ohos.permission.APPROXIMATELY_LOCATION\\\",\\\"reason\\\":\\\"$string:fuzzy_location_permission\\\",\\\"usedScene\\\":{\\\"abilities\\\":[\\\"EntryAbility\\\"],\\\"when\\\":\\\"always\\\"}},{\\\"name\\\":\\\"ohos.permission.INTERNET\\\"}],\\\"name\\\":\\\"entry\\\",\\\"type\\\":\\\"entry\\\",\\\"description\\\":\\\"$string:module_desc\\\",\\\"mainElement\\\":\\\"EntryAbility\\\",\\\"deviceTypes\\\":[\\\"phone\\\",\\\"tablet\\\",\\\"2in1\\\"],\\\"deliveryWithInstall\\\":true,\\\"installationFree\\\":false,\\\"pages\\\":\\\"$profile:main_pages\\\",\\\"abilities\\\":[{\\\"name\\\":\\\"EntryAbility\\\",\\\"srcEntry\\\":\\\"./ets/entryability/EntryAbility.ets\\\",\\\"description\\\":\\\"$string:EntryAbility_desc\\\",\\\"icon\\\":\\\"$media:app_icon\\\",\\\"label\\\":\\\"$string:EntryAbility_label\\\",\\\"startWindowIcon\\\":\\\"$media:startIcon\\\",\\\"startWindowBackground\\\":\\\"$color:start_window_background\\\",\\\"exported\\\":true,\\\"skills\\\":[{\\\"entities\\\":[\\\"entity.system.home\\\"],\\\"actions\\\":[\\\"action.system.home\\\"]}]}],\\\"extensionAbilities\\\":[{\\\"name\\\":\\\"EntryBackupAbility\\\",\\\"srcEntry\\\":\\\"./ets/entrybackupability/EntryBackupAbility.ets\\\",\\\"type\\\":\\\"backup\\\",\\\"exported\\\":false,\\\"metadata\\\":[{\\\"name\\\":\\\"ohos.extension.backup\\\",\\\"resource\\\":\\\"$profile:backup_config\\\"}]}]}},\\\"deviceTypes\\\":[\\\"phone\\\",\\\"tablet\\\",\\\"2in1\\\"],\\\"deviceConfig\\\":\\\"deviceTypes\\\",\\\"configurationProfile\\\":\\\"module.json5\\\"}\",\"_valueType\":\"string\",\"_hash\":\"b281ab3ec4f54cac14b82293ee2583be\"}"},{"dataType":"ValueEntry","value":"{\"_name\":\"profileModuleName\",\"_value\":\"entry\",\"_valueType\":\"string\",\"_hash\":\"b174ea6ff5824844dde5ad92f6b3ef2b\"}"},{"dataType":"ValueEntry","value":"{\"_name\":\"sdkToolchainsComponentVersion\",\"_value\":\"5.0.0.61\",\"_valueType\":\"string\",\"_hash\":\"c3c9f5bd66d4fa5a224fda6638260c57\"}"},{"dataType":"ValueEntry","value":"{\"_name\":\"sourceRoots\",\"_value\":true,\"_valueType\":\"boolean\",\"_hash\":\"a369c115d2c4122f3819759804ec9d35\"}"},{"dataType":"ValueEntry","value":"{\"_name\":\"targetStatusCode\",\"_value\":2,\"_valueType\":\"number\",\"_hash\":\"5a9255c0f4ee50904a9349ebafca8369\"}"},{"dataType":"ValueEntry","value":"{\"_name\":\"transformLib\",\"_value\":\"\",\"_valueType\":\"string\",\"_hash\":\"7d270d0ce7ae5c6e2e32760cb396ea5a\"}"},{"dataType":"ValueEntry","value":"{\"_name\":\"useNormalizedOHMUrl\",\"_value\":false,\"_valueType\":\"boolean\",\"_hash\":\"45c309ddef659bd1ca26b5b8988a1a78\"}"}],"_successful":true,"_projectName":"Weather-master","_moduleName":"entry","_taskName":"default@PreBuild","_key":":Weather-master:entry:default@PreBuild","_executionId":":Weather-master:entry:default@PreBuild:1733215527623","_inputFiles":{"dataType":"Map","value":[["C:\\Users\\26708\\DevEcoStudioProjects\\Weather-master\\AppScope\\app.json5",{"isDirectory":false,"fileSnapShotHashValue":"6f06c1f80f060a12e98123be3b67aaa4"}],["C:\\Users\\26708\\DevEcoStudioProjects\\Weather-master\\entry\\src\\main\\module.json5",{"isDirectory":false,"fileSnapShotHashValue":"4b12329bf7a45faccd7e368e36e1d0d8"}],["C:\\Users\\26708\\DevEcoStudioProjects\\Weather-master\\build-profile.json5",{"fileSnapShotHashValue":"aa82e374b3e5035d23e886e98294ca1f"}],["C:\\Users\\26708\\DevEcoStudioProjects\\Weather-master\\entry\\build-profile.json5",{"fileSnapShotHashValue":"9bbf4457532f51420b8abf800db0a9d0"}],["C:\\Users\\26708\\DevEcoStudioProjects\\Weather-master\\entry\\src\\main\\resources\\base\\profile\\main_pages.json",{"fileSnapShotHashValue":"99f1f65424c8a78cf52587ad476ebf0d"}],["C:\\Users\\26708\\DevEcoStudioProjects\\Weather-master\\hvigor\\hvigor-config.json5",{"isDirectory":true,"fileSnapShotHashValue":"c0dfdf0f353a4d0986e29e506d770333"}],["C:\\Users\\26708\\DevEcoStudioProjects\\Weather-master\\entry\\src\\mock\\mock-config.json5",{"isDirectory":false,"fileSnapShotHashValue":"65bd671ce876768bbfd0081ef2c01c16"}],["C:\\Users\\26708\\DevEcoStudioProjects\\Weather-master\\entry\\oh-package.json5",{"fileSnapShotHashValue":"867485b77c99e7990ac987fe4fdb36cb"}]]},"_outputFiles":{"dataType":"Map","value":[]}},":Weather-master:entry:default@GenerateMetadata":{"_inputs":[{"dataType":"ValueEntry","value":"{\"_name\":\"BUILTIN_TASK_COMMAND\",\"_value\":\"\",\"_valueType\":\"string\",\"_hash\":\"0b5d05294fdf4e78e8482ef53eb64ac0\"}"},{"dataType":"ValueEntry","value":"{\"_name\":\"BUILTIN_TASK_ENV\",\"_value\":\"\",\"_valueType\":\"string\",\"_hash\":\"cdcdc2ec8062ca9ec1de46dbf2bbc053\"}"},{"dataType":"ValueEntry","value":"{\"_name\":\"BUILTIN_TASK_TOOLCHAIN\",\"_value\":\"\",\"_valueType\":\"string\",\"_hash\":\"e7f94a9422a8bc317a7d90b58efcb5f6\"}"},{"dataType":"ValueEntry","value":"{\"_name\":\"enableSignTask\",\"_value\":true,\"_valueType\":\"boolean\",\"_hash\":\"910298825388ce24c00cb3c1aeb80caa\"}"},{"dataType":"ValueEntry","value":"{\"_name\":\"entryModules\",\"_value\":[],\"_valueType\":\"object\",\"_hash\":\"aea18c73616ef065de1f5734ffcfeacd\"}"},{"dataType":"ValueEntry","value":"{\"_name\":\"existSigningConfig\",\"_value\":false,\"_valueType\":\"boolean\",\"_hash\":\"1577ffedb088f641d0438ac50d5978d5\"}"},{"dataType":"ValueEntry","value":"{\"_name\":\"moduleDeviceType\",\"_value\":[\"phone\",\"tablet\",\"2in1\"],\"_valueType\":\"object\",\"_hash\":\"66b05e14942328cd2607b98a4b94245d\"}"},{"dataType":"ValueEntry","value":"{\"_name\":\"product\",\"_value\":\"default\",\"_valueType\":\"string\",\"_hash\":\"c78efd675257060e500cc4a185c4a166\"}"},{"dataType":"ValueEntry","value":"{\"_name\":\"remoteHspMetaData\",\"_valueType\":\"undefined\",\"_hash\":\"55a9137298c1d5ff2e0dbb72f4577d79\"}"},{"dataType":"ValueEntry","value":"{\"_name\":\"sdkToolchainsComponentVersion\",\"_value\":\"5.0.0.61\",\"_valueType\":\"string\",\"_hash\":\"c3c9f5bd66d4fa5a224fda6638260c57\"}"},{"dataType":"ValueEntry","value":"{\"_name\":\"targetConfig\",\"_value\":\"{\\\"name\\\":\\\"default\\\"}\",\"_valueType\":\"string\",\"_hash\":\"44f0c01d44e2bbf4013c5bb1f232e1fe\"}"}],"_successful":true,"_projectName":"Weather-master","_moduleName":"entry","_taskName":"default@GenerateMetadata","_key":":Weather-master:entry:default@GenerateMetadata","_executionId":":Weather-master:entry:default@GenerateMetadata:1733215527849","_inputFiles":{"dataType":"Map","value":[["C:\\Users\\26708\\DevEcoStudioProjects\\Weather-master\\entry\\src\\main\\module.json5",{"fileSnapShotHashValue":"4b12329bf7a45faccd7e368e36e1d0d8"}]]},"_outputFiles":{"dataType":"Map","value":[["C:\\Users\\26708\\DevEcoStudioProjects\\Weather-master\\entry\\build\\default\\intermediates\\hap_metadata\\default\\output_metadata.json",{"fileSnapShotHashValue":"d877d6de1b4856dfb4860e2799dc7ccd"}]]}},":Weather-master:entry:default@MergeProfile":{"_inputs":[{"dataType":"ValueEntry","value":"{\"_name\":\"BUILTIN_TASK_COMMAND\",\"_value\":\"\",\"_valueType\":\"string\",\"_hash\":\"0b5d05294fdf4e78e8482ef53eb64ac0\"}"},{"dataType":"ValueEntry","value":"{\"_name\":\"BUILTIN_TASK_ENV\",\"_value\":\"\",\"_valueType\":\"string\",\"_hash\":\"cdcdc2ec8062ca9ec1de46dbf2bbc053\"}"},{"dataType":"ValueEntry","value":"{\"_name\":\"BUILTIN_TASK_TOOLCHAIN\",\"_value\":\"\",\"_valueType\":\"string\",\"_hash\":\"e7f94a9422a8bc317a7d90b58efcb5f6\"}"},{"dataType":"ValueEntry","value":"{\"_name\":\"appJsonOpt\",\"_value\":\"{\\\"app\\\":{\\\"bundleName\\\":\\\"com.samples.myweather\\\",\\\"vendor\\\":\\\"example\\\",\\\"versionCode\\\":1000000,\\\"versionName\\\":\\\"1.0.0\\\",\\\"icon\\\":\\\"$media:app_icon\\\",\\\"label\\\":\\\"$string:app_name\\\"}}\",\"_valueType\":\"string\",\"_hash\":\"eb34fc3f9bfe597e6d978ec121ef1c90\"}"},{"dataType":"ValueEntry","value":"{\"_name\":\"asanEnable\",\"_value\":false,\"_valueType\":\"boolean\",\"_hash\":\"bc2129ba20a21b7e5234139ede1b4d7b\"}"},{"dataType":"ValueEntry","value":"{\"_name\":\"buildProfileAbilities\",\"_valueType\":\"undefined\",\"_hash\":\"40d5093f345351dd6d67ce5d6a209345\"}"},{"dataType":"ValueEntry","value":"{\"_name\":\"buildRoot\",\"_value\":\"build\",\"_valueType\":\"string\",\"_hash\":\"4c2dd7bb7507f74001ec27f2936db7f9\"}"},{"dataType":"ValueEntry","value":"{\"_name\":\"compatibleSdkVersion\",\"_value\":12,\"_valueType\":\"number\",\"_hash\":\"3c48b1937556f5c7e1ff0b2e0af0184f\"}"},{"dataType":"ValueEntry","value":"{\"_name\":\"integratedHsp\",\"_value\":false,\"_valueType\":\"boolean\",\"_hash\":\"e67900c25b1f9fb70cc779de77dc6912\"}"},{"dataType":"ValueEntry","value":"{\"_name\":\"isBundledDependencies\",\"_value\":false,\"_valueType\":\"boolean\",\"_hash\":\"a69aa552317c7a6e087cb84a5722e050\"}"},{"dataType":"ValueEntry","value":"{\"_name\":\"isDebug\",\"_value\":true,\"_valueType\":\"boolean\",\"_hash\":\"edbf05a2d2be2c385e75d9565a48d419\"}"},{"dataType":"ValueEntry","value":"{\"_name\":\"isHarModule\",\"_value\":false,\"_valueType\":\"boolean\",\"_hash\":\"a15b7a3ed818faa99a4a10d67f52cb72\"}"},{"dataType":"ValueEntry","value":"{\"_name\":\"moduleJsonOpt\",\"_value\":\"{\\\"module\\\":{\\\"requestPermissions\\\":[{\\\"name\\\":\\\"ohos.permission.LOCATION\\\",\\\"reason\\\":\\\"$string:location_permission\\\",\\\"usedScene\\\":{\\\"abilities\\\":[\\\"EntryAbility\\\"],\\\"when\\\":\\\"always\\\"}},{\\\"name\\\":\\\"ohos.permission.LOCATION_IN_BACKGROUND\\\",\\\"reason\\\":\\\"$string:background_location_permission\\\",\\\"usedScene\\\":{\\\"abilities\\\":[\\\"EntryAbility\\\"],\\\"when\\\":\\\"always\\\"}},{\\\"name\\\":\\\"ohos.permission.APPROXIMATELY_LOCATION\\\",\\\"reason\\\":\\\"$string:fuzzy_location_permission\\\",\\\"usedScene\\\":{\\\"abilities\\\":[\\\"EntryAbility\\\"],\\\"when\\\":\\\"always\\\"}},{\\\"name\\\":\\\"ohos.permission.INTERNET\\\"}],\\\"name\\\":\\\"entry\\\",\\\"type\\\":\\\"entry\\\",\\\"description\\\":\\\"$string:module_desc\\\",\\\"mainElement\\\":\\\"EntryAbility\\\",\\\"deviceTypes\\\":[\\\"phone\\\",\\\"tablet\\\",\\\"2in1\\\"],\\\"deliveryWithInstall\\\":true,\\\"installationFree\\\":false,\\\"pages\\\":\\\"$profile:main_pages\\\",\\\"abilities\\\":[{\\\"name\\\":\\\"EntryAbility\\\",\\\"srcEntry\\\":\\\"./ets/entryability/EntryAbility.ets\\\",\\\"description\\\":\\\"$string:EntryAbility_desc\\\",\\\"icon\\\":\\\"$media:app_icon\\\",\\\"label\\\":\\\"$string:EntryAbility_label\\\",\\\"startWindowIcon\\\":\\\"$media:startIcon\\\",\\\"startWindowBackground\\\":\\\"$color:start_window_background\\\",\\\"exported\\\":true,\\\"skills\\\":[{\\\"entities\\\":[\\\"entity.system.home\\\"],\\\"actions\\\":[\\\"action.system.home\\\"]}]}],\\\"extensionAbilities\\\":[{\\\"name\\\":\\\"EntryBackupAbility\\\",\\\"srcEntry\\\":\\\"./ets/entrybackupability/EntryBackupAbility.ets\\\",\\\"type\\\":\\\"backup\\\",\\\"exported\\\":false,\\\"metadata\\\":[{\\\"name\\\":\\\"ohos.extension.backup\\\",\\\"resource\\\":\\\"$profile:backup_config\\\"}]}]}}\",\"_valueType\":\"string\",\"_hash\":\"d51b981b4f1dcf0f15a159611b4bddd8\"}"},{"dataType":"ValueEntry","value":"{\"_name\":\"multiProjects\",\"_value\":false,\"_valueType\":\"boolean\",\"_hash\":\"555604752defc243b4e4c55d1549fc06\"}"},{"dataType":"ValueEntry","value":"{\"_name\":\"projectConfigAppOpt\",\"_valueType\":\"undefined\",\"_hash\":\"b52997704fa206ed96a13a1f2e464a85\"}"},{"dataType":"ValueEntry","value":"{\"_name\":\"releaseType\",\"_value\":\"Beta6\",\"_valueType\":\"string\",\"_hash\":\"d7feebb391f14e6a14f9b339d86f0e38\"}"},{"dataType":"ValueEntry","value":"{\"_name\":\"targetSdkVersion\",\"_value\":12,\"_valueType\":\"number\",\"_hash\":\"94972355fc6ee8e90cfba1a7db4cf5db\"}"},{"dataType":"ValueEntry","value":"{\"_name\":\"tsanEnable\",\"_value\":false,\"_valueType\":\"boolean\",\"_hash\":\"086cac69f102cdd9ee25e54982ad7b76\"}"}],"_successful":true,"_projectName":"Weather-master","_moduleName":"entry","_taskName":"default@MergeProfile","_key":":Weather-master:entry:default@MergeProfile","_executionId":":Weather-master:entry:default@MergeProfile:1733215527863","_inputFiles":{"dataType":"Map","value":[["C:\\Users\\26708\\DevEcoStudioProjects\\Weather-master\\AppScope\\app.json5",{"fileSnapShotHashValue":"6f06c1f80f060a12e98123be3b67aaa4"}],["C:\\Users\\26708\\DevEcoStudioProjects\\Weather-master\\build-profile.json5",{"fileSnapShotHashValue":"aa82e374b3e5035d23e886e98294ca1f"}],["C:\\Users\\26708\\DevEcoStudioProjects\\Weather-master\\entry\\src\\main\\module.json5",{"fileSnapShotHashValue":"4b12329bf7a45faccd7e368e36e1d0d8"}]]},"_outputFiles":{"dataType":"Map","value":[["C:\\Users\\26708\\DevEcoStudioProjects\\Weather-master\\entry\\build\\default\\intermediates\\merge_profile\\default\\module.json",{"fileSnapShotHashValue":"0cd18b3dd8942c18265c6d9d38667bbe"}]]}},":Weather-master:entry:default@CreateBuildProfile":{"_inputs":[{"dataType":"ValueEntry","value":"{\"_name\":\"BUILTIN_TASK_COMMAND\",\"_value\":\"\",\"_valueType\":\"string\",\"_hash\":\"0b5d05294fdf4e78e8482ef53eb64ac0\"}"},{"dataType":"ValueEntry","value":"{\"_name\":\"BUILTIN_TASK_ENV\",\"_value\":\"\",\"_valueType\":\"string\",\"_hash\":\"cdcdc2ec8062ca9ec1de46dbf2bbc053\"}"},{"dataType":"ValueEntry","value":"{\"_name\":\"BUILTIN_TASK_TOOLCHAIN\",\"_value\":\"\",\"_valueType\":\"string\",\"_hash\":\"e7f94a9422a8bc317a7d90b58efcb5f6\"}"},{"dataType":"ValueEntry","value":"{\"_name\":\"buildMode\",\"_value\":\"Debug\",\"_valueType\":\"string\",\"_hash\":\"8120d22ada0d6de22b101e1f4ea16e81\"}"},{"dataType":"ValueEntry","value":"{\"_name\":\"buildModeName\",\"_value\":\"debug\",\"_valueType\":\"string\",\"_hash\":\"3f0246ea410fd9efa9fc7196cca045e3\"}"},{"dataType":"ValueEntry","value":"{\"_name\":\"projectOhosConfigAppOpt\",\"_valueType\":\"undefined\",\"_hash\":\"d55b976f16f2e6ec7261b64755922538\"}"}],"_successful":true,"_projectName":"Weather-master","_moduleName":"entry","_taskName":"default@CreateBuildProfile","_key":":Weather-master:entry:default@CreateBuildProfile","_executionId":":Weather-master:entry:default@CreateBuildProfile:1733215527873","_inputFiles":{"dataType":"Map","value":[["C:\\Users\\26708\\DevEcoStudioProjects\\Weather-master\\AppScope\\app.json5",{"fileSnapShotHashValue":"6f06c1f80f060a12e98123be3b67aaa4"}],["C:\\Users\\26708\\DevEcoStudioProjects\\Weather-master\\build-profile.json5",{"fileSnapShotHashValue":"aa82e374b3e5035d23e886e98294ca1f"}]]},"_outputFiles":{"dataType":"Map","value":[["C:\\Users\\26708\\DevEcoStudioProjects\\Weather-master\\entry\\build\\default\\generated\\profile\\default\\BuildProfile.ets",{"fileSnapShotHashValue":"1b9b92e38e60a82bb7845a1dcccdaa6b"}]]}},":Weather-master:entry:default@GeneratePkgContextInfo":{"_inputs":[{"dataType":"ValueEntry","value":"{\"_name\":\"pkgContextInfoMap\",\"_value\":\"{\\\"@ohos/hypium\\\":{\\\"packageName\\\":\\\"@ohos/hypium\\\",\\\"bundleName\\\":\\\"\\\",\\\"moduleName\\\":\\\"\\\",\\\"version\\\":\\\"1.0.18\\\",\\\"entryPath\\\":\\\"index.js\\\",\\\"isSO\\\":false,\\\"dependencyAlias\\\":\\\"\\\"},\\\"@ohos/hamock\\\":{\\\"packageName\\\":\\\"@ohos/hamock\\\",\\\"bundleName\\\":\\\"\\\",\\\"moduleName\\\":\\\"\\\",\\\"version\\\":\\\"1.0.0\\\",\\\"entryPath\\\":\\\"index.ets\\\",\\\"isSO\\\":false,\\\"dependencyAlias\\\":\\\"\\\"},\\\"entry\\\":{\\\"packageName\\\":\\\"entry\\\",\\\"bundleName\\\":\\\"\\\",\\\"moduleName\\\":\\\"\\\",\\\"version\\\":\\\"\\\",\\\"entryPath\\\":\\\"src/main/\\\",\\\"isSO\\\":false,\\\"dependencyAlias\\\":\\\"\\\"}}\",\"_valueType\":\"string\"}"},{"dataType":"ValueEntry","value":"{\"_name\":\"useNormalizedOHMUrl\",\"_value\":false,\"_valueType\":\"boolean\"}"},{"dataType":"ValueEntry","value":"{\"_name\":\"BUILTIN_TASK_COMMAND\",\"_value\":\"\",\"_valueType\":\"string\"}"},{"dataType":"ValueEntry","value":"{\"_name\":\"BUILTIN_TASK_TOOLCHAIN\",\"_value\":\"\",\"_valueType\":\"string\"}"},{"dataType":"ValueEntry","value":"{\"_name\":\"BUILTIN_TASK_ENV\",\"_value\":\"\",\"_valueType\":\"string\"}"}],"_successful":false,"_projectName":"Weather-master","_moduleName":"entry","_taskName":"default@GeneratePkgContextInfo","_key":":Weather-master:entry:default@GeneratePkgContextInfo","_executionId":":Weather-master:entry:default@GeneratePkgContextInfo:1733233326726","_inputFiles":{"dataType":"Map","value":[]},"_outputFiles":{"dataType":"Map","value":[["C:\\Users\\26708\\DevEcoStudioProjects\\Weather-master\\entry\\build\\default\\intermediates\\loader\\default\\pkgContextInfo.json",{"isDirectory":false,"fileSnapShotHashValue":""}]]}},":Weather-master:entry:default@ProcessIntegratedHsp":{"_inputs":[{"dataType":"ValueEntry","value":"{\"_name\":\"BUILTIN_TASK_COMMAND\",\"_value\":\"\",\"_valueType\":\"string\"}"},{"dataType":"ValueEntry","value":"{\"_name\":\"BUILTIN_TASK_TOOLCHAIN\",\"_value\":\"\",\"_valueType\":\"string\"}"},{"dataType":"ValueEntry","value":"{\"_name\":\"BUILTIN_TASK_ENV\",\"_value\":\"\",\"_valueType\":\"string\"}"}],"_successful":true,"_projectName":"Weather-master","_moduleName":"entry","_taskName":"default@ProcessIntegratedHsp","_key":":Weather-master:entry:default@ProcessIntegratedHsp","_executionId":":Weather-master:entry:default@ProcessIntegratedHsp:1733233326733","_inputFiles":{"dataType":"Map","value":[]},"_outputFiles":{"dataType":"Map","value":[["C:\\Users\\26708\\DevEcoStudioProjects\\Weather-master\\build\\cache\\default\\integrated_hsp\\integratedHspCache.json",{"isDirectory":false,"fileSnapShotHashValue":""}]]}},":Weather-master:entry:default@MakePackInfo":{"_inputs":[{"dataType":"ValueEntry","value":"{\"_name\":\"BUILTIN_TASK_COMMAND\",\"_value\":\"\",\"_valueType\":\"string\",\"_hash\":\"0b5d05294fdf4e78e8482ef53eb64ac0\"}"},{"dataType":"ValueEntry","value":"{\"_name\":\"BUILTIN_TASK_ENV\",\"_value\":\"\",\"_valueType\":\"string\",\"_hash\":\"cdcdc2ec8062ca9ec1de46dbf2bbc053\"}"},{"dataType":"ValueEntry","value":"{\"_name\":\"BUILTIN_TASK_TOOLCHAIN\",\"_value\":\"\",\"_valueType\":\"string\",\"_hash\":\"e7f94a9422a8bc317a7d90b58efcb5f6\"}"},{"dataType":"ValueEntry","value":"{\"_name\":\"appResOpt\",\"_value\":\"{\\\"app\\\":{\\\"bundleName\\\":\\\"com.samples.myweather\\\",\\\"vendor\\\":\\\"example\\\",\\\"versionCode\\\":1000000,\\\"versionName\\\":\\\"1.0.0\\\",\\\"icon\\\":\\\"$media:app_icon\\\",\\\"label\\\":\\\"$string:app_name\\\"}}\",\"_valueType\":\"string\",\"_hash\":\"418cbe6ef34509d5f5cf7fa554db8142\"}"},{"dataType":"ValueEntry","value":"{\"_name\":\"compatibleSdkVersion\",\"_value\":12,\"_valueType\":\"number\",\"_hash\":\"3c48b1937556f5c7e1ff0b2e0af0184f\"}"},{"dataType":"ValueEntry","value":"{\"_name\":\"compileSdkVersion\",\"_value\":12,\"_valueType\":\"number\",\"_hash\":\"56b3e38757636db61170725108e621dc\"}"},{"dataType":"ValueEntry","value":"{\"_name\":\"deviceTypes\",\"_value\":[\"phone\",\"tablet\",\"2in1\"],\"_valueType\":\"object\",\"_hash\":\"955f8760c6b7289b81ed107c2c4df075\"}"},{"dataType":"ValueEntry","value":"{\"_name\":\"integratedHsp\",\"_value\":false,\"_valueType\":\"boolean\",\"_hash\":\"e67900c25b1f9fb70cc779de77dc6912\"}"},{"dataType":"ValueEntry","value":"{\"_name\":\"moduleJsonOpt\",\"_value\":\"{\\\"module\\\":{\\\"requestPermissions\\\":[{\\\"name\\\":\\\"ohos.permission.LOCATION\\\",\\\"reason\\\":\\\"$string:location_permission\\\",\\\"usedScene\\\":{\\\"abilities\\\":[\\\"EntryAbility\\\"],\\\"when\\\":\\\"always\\\"}},{\\\"name\\\":\\\"ohos.permission.LOCATION_IN_BACKGROUND\\\",\\\"reason\\\":\\\"$string:background_location_permission\\\",\\\"usedScene\\\":{\\\"abilities\\\":[\\\"EntryAbility\\\"],\\\"when\\\":\\\"always\\\"}},{\\\"name\\\":\\\"ohos.permission.APPROXIMATELY_LOCATION\\\",\\\"reason\\\":\\\"$string:fuzzy_location_permission\\\",\\\"usedScene\\\":{\\\"abilities\\\":[\\\"EntryAbility\\\"],\\\"when\\\":\\\"always\\\"}},{\\\"name\\\":\\\"ohos.permission.INTERNET\\\"}],\\\"name\\\":\\\"entry\\\",\\\"type\\\":\\\"entry\\\",\\\"description\\\":\\\"$string:module_desc\\\",\\\"mainElement\\\":\\\"EntryAbility\\\",\\\"deviceTypes\\\":[\\\"phone\\\",\\\"tablet\\\",\\\"2in1\\\"],\\\"deliveryWithInstall\\\":true,\\\"pages\\\":\\\"$profile:main_pages\\\",\\\"abilities\\\":[{\\\"name\\\":\\\"EntryAbility\\\",\\\"srcEntry\\\":\\\"./ets/entryability/EntryAbility.ets\\\",\\\"description\\\":\\\"$string:EntryAbility_desc\\\",\\\"icon\\\":\\\"$media:app_icon\\\",\\\"label\\\":\\\"$string:EntryAbility_label\\\",\\\"startWindowIcon\\\":\\\"$media:startIcon\\\",\\\"startWindowBackground\\\":\\\"$color:start_window_background\\\",\\\"exported\\\":true,\\\"skills\\\":[{\\\"entities\\\":[\\\"entity.system.home\\\"],\\\"actions\\\":[\\\"action.system.home\\\"]}]}],\\\"extensionAbilities\\\":[{\\\"name\\\":\\\"EntryBackupAbility\\\",\\\"srcEntry\\\":\\\"./ets/entrybackupability/EntryBackupAbility.ets\\\",\\\"type\\\":\\\"backup\\\",\\\"exported\\\":false,\\\"metadata\\\":[{\\\"name\\\":\\\"ohos.extension.backup\\\",\\\"resource\\\":\\\"$profile:backup_config\\\"}]}]}}\",\"_valueType\":\"string\",\"_hash\":\"a9ec03e249a2bec8790755e64567ba8e\"}"},{"dataType":"ValueEntry","value":"{\"_name\":\"projectConfigAppOpt\",\"_valueType\":\"undefined\",\"_hash\":\"b52997704fa206ed96a13a1f2e464a85\"}"},{"dataType":"ValueEntry","value":"{\"_name\":\"releaseType\",\"_value\":\"Beta6\",\"_valueType\":\"string\",\"_hash\":\"d7feebb391f14e6a14f9b339d86f0e38\"}"}],"_successful":true,"_projectName":"Weather-master","_moduleName":"entry","_taskName":"default@MakePackInfo","_key":":Weather-master:entry:default@MakePackInfo","_executionId":":Weather-master:entry:default@MakePackInfo:1733215527938","_inputFiles":{"dataType":"Map","value":[["C:\\Users\\26708\\DevEcoStudioProjects\\Weather-master\\AppScope\\app.json5",{"fileSnapShotHashValue":"6f06c1f80f060a12e98123be3b67aaa4"}],["C:\\Users\\26708\\DevEcoStudioProjects\\Weather-master\\entry\\src\\main\\module.json5",{"fileSnapShotHashValue":"4b12329bf7a45faccd7e368e36e1d0d8"}],["C:\\Users\\26708\\DevEcoStudioProjects\\Weather-master\\build-profile.json5",{"fileSnapShotHashValue":"aa82e374b3e5035d23e886e98294ca1f"}],["C:\\Users\\26708\\DevEcoStudioProjects\\Weather-master\\entry\\src\\main\\resources\\base\\profile\\backup_config.json",{"fileSnapShotHashValue":"421143356529e86d1f2fb0954bad57a7"}]]},"_outputFiles":{"dataType":"Map","value":[["C:\\Users\\26708\\DevEcoStudioProjects\\Weather-master\\entry\\build\\default\\outputs\\default\\pack.info",{"fileSnapShotHashValue":"3c61d617d999f94f7cb3685bb21e8d74"}]]}},":Weather-master:entry:default@ProcessProfile":{"_inputs":[{"dataType":"ValueEntry","value":"{\"_name\":\"BUILTIN_TASK_COMMAND\",\"_value\":\"\",\"_valueType\":\"string\",\"_hash\":\"0b5d05294fdf4e78e8482ef53eb64ac0\"}"},{"dataType":"ValueEntry","value":"{\"_name\":\"BUILTIN_TASK_ENV\",\"_value\":\"\",\"_valueType\":\"string\",\"_hash\":\"cdcdc2ec8062ca9ec1de46dbf2bbc053\"}"},{"dataType":"ValueEntry","value":"{\"_name\":\"BUILTIN_TASK_TOOLCHAIN\",\"_value\":\"\",\"_valueType\":\"string\",\"_hash\":\"e7f94a9422a8bc317a7d90b58efcb5f6\"}"},{"dataType":"ValueEntry","value":"{\"_name\":\"arkEnable\",\"_value\":true,\"_valueType\":\"boolean\",\"_hash\":\"750b4bda198545a67903dfb3f6a00a95\"}"},{"dataType":"ValueEntry","value":"{\"_name\":\"compatibleSdkVersionStage\",\"_value\":\"beta1\",\"_valueType\":\"string\",\"_hash\":\"e588408901fe47899eadeda64a5c41fb\"}"},{"dataType":"ValueEntry","value":"{\"_name\":\"compileMode\",\"_value\":\"esmodule\",\"_valueType\":\"string\",\"_hash\":\"dacafc8e0b77a950178a0b4d142dc32c\"}"},{"dataType":"ValueEntry","value":"{\"_name\":\"dependency\",\"_value\":\"[]\",\"_valueType\":\"string\",\"_hash\":\"ac54f3d4ced2d4c1d666d40e4f7c454a\"}"},{"dataType":"ValueEntry","value":"{\"_name\":\"deviceTypes\",\"_value\":[\"phone\",\"tablet\",\"2in1\"],\"_valueType\":\"object\",\"_hash\":\"955f8760c6b7289b81ed107c2c4df075\"}"}],"_successful":true,"_projectName":"Weather-master","_moduleName":"entry","_taskName":"default@ProcessProfile","_key":":Weather-master:entry:default@ProcessProfile","_executionId":":Weather-master:entry:default@ProcessProfile:1733215527948","_inputFiles":{"dataType":"Map","value":[["C:\\Users\\26708\\DevEcoStudioProjects\\Weather-master\\entry\\build\\default\\intermediates\\merge_profile\\default\\module.json",{"fileSnapShotHashValue":"0cd18b3dd8942c18265c6d9d38667bbe"}]]},"_outputFiles":{"dataType":"Map","value":[["C:\\Users\\26708\\DevEcoStudioProjects\\Weather-master\\entry\\build\\default\\intermediates\\process_profile\\default\\module.json",{"fileSnapShotHashValue":"a78f422122f8fc88c9651916f33b34a7"}]]}},":Weather-master:entry:default@SyscapTransform":{"_inputs":[{"dataType":"ValueEntry","value":"{\"_name\":\"deviceTypes\",\"_value\":[\"phone\",\"tablet\",\"2in1\"],\"_valueType\":\"object\"}"},{"dataType":"ValueEntry","value":"{\"_name\":\"BUILTIN_TASK_COMMAND\",\"_value\":\"\",\"_valueType\":\"string\"}"},{"dataType":"ValueEntry","value":"{\"_name\":\"BUILTIN_TASK_TOOLCHAIN\",\"_value\":\"\",\"_valueType\":\"string\"}"},{"dataType":"ValueEntry","value":"{\"_name\":\"BUILTIN_TASK_ENV\",\"_value\":\"\",\"_valueType\":\"string\"}"}],"_successful":true,"_projectName":"Weather-master","_moduleName":"entry","_taskName":"default@SyscapTransform","_key":":Weather-master:entry:default@SyscapTransform","_executionId":":Weather-master:entry:default@SyscapTransform:1733233326762","_inputFiles":{"dataType":"Map","value":[["D:\\HuaWei\\DevEco Studio\\sdk\\HarmonyOS-NEXT-DB6\\openharmony\\toolchains\\syscap_tool.exe",{"fileSnapShotHashValue":"ed5d0c1cf0f8d312009b21725739e5c0"}],["D:\\HuaWei\\DevEco Studio\\sdk\\HarmonyOS-NEXT-DB6\\openharmony\\ets\\api\\device-define",{"fileSnapShotHashValue":"a789f8391da7d330a64c0b399c24ed39"}]]},"_outputFiles":{"dataType":"Map","value":[["C:\\Users\\26708\\DevEcoStudioProjects\\Weather-master\\entry\\build\\default\\intermediates\\syscap\\default\\rpcid.sc",{"fileSnapShotHashValue":""}]]}},":Weather-master:entry:default@ProcessRouterMap":{"_inputs":[{"dataType":"ValueEntry","value":"{\"_name\":\"BUILTIN_TASK_COMMAND\",\"_value\":\"\",\"_valueType\":\"string\",\"_hash\":\"0b5d05294fdf4e78e8482ef53eb64ac0\"}"},{"dataType":"ValueEntry","value":"{\"_name\":\"BUILTIN_TASK_ENV\",\"_value\":\"\",\"_valueType\":\"string\",\"_hash\":\"cdcdc2ec8062ca9ec1de46dbf2bbc053\"}"},{"dataType":"ValueEntry","value":"{\"_name\":\"BUILTIN_TASK_TOOLCHAIN\",\"_value\":\"\",\"_valueType\":\"string\",\"_hash\":\"e7f94a9422a8bc317a7d90b58efcb5f6\"}"},{"dataType":"ValueEntry","value":"{\"_name\":\"byteCodeHar\",\"_value\":false,\"_valueType\":\"boolean\",\"_hash\":\"1918a3ccb645ccacd0aedd84fc6cf8a4\"}"},{"dataType":"ValueEntry","value":"{\"_name\":\"obfuscated\",\"_value\":true,\"_valueType\":\"boolean\",\"_hash\":\"a69c27b9cf01a6710d3662cfe180239f\"}"},{"dataType":"ValueEntry","value":"{\"_name\":\"useNormalizedOHMUrl\",\"_value\":false,\"_valueType\":\"boolean\",\"_hash\":\"45c309ddef659bd1ca26b5b8988a1a78\"}"}],"_successful":true,"_projectName":"Weather-master","_moduleName":"entry","_taskName":"default@ProcessRouterMap","_key":":Weather-master:entry:default@ProcessRouterMap","_executionId":":Weather-master:entry:default@ProcessRouterMap:1733215528277","_inputFiles":{"dataType":"Map","value":[["C:\\Users\\26708\\DevEcoStudioProjects\\Weather-master\\entry\\oh-package.json5",{"fileSnapShotHashValue":"867485b77c99e7990ac987fe4fdb36cb"}],["C:\\Users\\26708\\DevEcoStudioProjects\\Weather-master\\oh-package.json5",{"fileSnapShotHashValue":"fa0ff021190cea1a1156c5fbe13e7ffe"}],["C:\\Users\\26708\\DevEcoStudioProjects\\Weather-master\\entry\\src\\main\\module.json5",{"fileSnapShotHashValue":"4b12329bf7a45faccd7e368e36e1d0d8"}]]},"_outputFiles":{"dataType":"Map","value":[["C:\\Users\\26708\\DevEcoStudioProjects\\Weather-master\\entry\\build\\default\\intermediates\\router_map\\default\\temp-router-map.json",{"fileSnapShotHashValue":"73468cbfd8206f7eab7063dc052295bb"}],["C:\\Users\\26708\\DevEcoStudioProjects\\Weather-master\\entry\\build\\default\\intermediates\\router_map\\default\\loader-router-map.json",{"fileSnapShotHashValue":"6f48a3f0bc1e71c1440ea701452f62b5"}]]}},":Weather-master:entry:default@ProcessResource":{"_inputs":[{"dataType":"ValueEntry","value":"{\"_name\":\"BUILTIN_TASK_COMMAND\",\"_value\":\"\",\"_valueType\":\"string\",\"_hash\":\"0b5d05294fdf4e78e8482ef53eb64ac0\"}"},{"dataType":"ValueEntry","value":"{\"_name\":\"BUILTIN_TASK_ENV\",\"_value\":\"\",\"_valueType\":\"string\",\"_hash\":\"cdcdc2ec8062ca9ec1de46dbf2bbc053\"}"},{"dataType":"ValueEntry","value":"{\"_name\":\"BUILTIN_TASK_TOOLCHAIN\",\"_value\":\"\",\"_valueType\":\"string\",\"_hash\":\"e7f94a9422a8bc317a7d90b58efcb5f6\"}"},{"dataType":"ValueEntry","value":"{\"_name\":\"C:\\\\Users\\\\26708\\\\DevEcoStudioProjects\\\\Weather-master\\\\entry\\\\build\\\\default\\\\intermediates\\\\res\\\\default\\\\opt-compression.json\",\"_valueType\":\"undefined\",\"_hash\":\"676f174b6053eae7c86428814fe96f04\"}"},{"dataType":"ValueEntry","value":"{\"_name\":\"resConfigJsonContent\",\"_value\":\"{\\\"configPath\\\":\\\"C:\\\\\\\\Users\\\\\\\\26708\\\\\\\\DevEcoStudioProjects\\\\\\\\Weather-master\\\\\\\\entry\\\\\\\\build\\\\\\\\default\\\\\\\\intermediates\\\\\\\\process_profile\\\\\\\\default\\\\\\\\module.json\\\",\\\"packageName\\\":\\\"com.samples.myweather\\\",\\\"output\\\":\\\"C:\\\\\\\\Users\\\\\\\\26708\\\\\\\\DevEcoStudioProjects\\\\\\\\Weather-master\\\\\\\\entry\\\\\\\\build\\\\\\\\default\\\\\\\\intermediates\\\\\\\\res\\\\\\\\default\\\",\\\"moduleNames\\\":\\\"entry\\\",\\\"ResourceTable\\\":[\\\"C:\\\\\\\\Users\\\\\\\\26708\\\\\\\\DevEcoStudioProjects\\\\\\\\Weather-master\\\\\\\\entry\\\\\\\\build\\\\\\\\default\\\\\\\\generated\\\\\\\\r\\\\\\\\default\\\\\\\\ResourceTable.h\\\"],\\\"applicationResource\\\":\\\"C:\\\\\\\\Users\\\\\\\\26708\\\\\\\\DevEcoStudioProjects\\\\\\\\Weather-master\\\\\\\\AppScope\\\\\\\\resources\\\",\\\"moduleResources\\\":[\\\"C:\\\\\\\\Users\\\\\\\\26708\\\\\\\\DevEcoStudioProjects\\\\\\\\Weather-master\\\\\\\\entry\\\\\\\\src\\\\\\\\main\\\\\\\\resources\\\"],\\\"dependencies\\\":[],\\\"iconCheck\\\":true,\\\"ids\\\":\\\"C:\\\\\\\\Users\\\\\\\\26708\\\\\\\\DevEcoStudioProjects\\\\\\\\Weather-master\\\\\\\\entry\\\\\\\\build\\\\\\\\default\\\\\\\\intermediates\\\\\\\\res\\\\\\\\default\\\\\\\\ids_map\\\",\\\"definedIds\\\":\\\"C:\\\\\\\\Users\\\\\\\\26708\\\\\\\\DevEcoStudioProjects\\\\\\\\Weather-master\\\\\\\\entry\\\\\\\\build\\\\\\\\default\\\\\\\\intermediates\\\\\\\\res\\\\\\\\default\\\\\\\\ids_map\\\\\\\\id_defined.json\\\",\\\"definedSysIds\\\":\\\"D:\\\\\\\\HuaWei\\\\\\\\DevEco Studio\\\\\\\\sdk\\\\\\\\HarmonyOS-NEXT-DB6\\\\\\\\hms\\\\\\\\toolchains\\\\\\\\id_defined.json\\\"}\",\"_valueType\":\"string\",\"_hash\":\"e2b48e404bbab2e457b3645333f03a7b\"}"}],"_successful":true,"_projectName":"Weather-master","_moduleName":"entry","_taskName":"default@ProcessResource","_key":":Weather-master:entry:default@ProcessResource","_executionId":":Weather-master:entry:default@ProcessResource:1733215528299","_inputFiles":{"dataType":"Map","value":[]},"_outputFiles":{"dataType":"Map","value":[["C:\\Users\\26708\\DevEcoStudioProjects\\Weather-master\\entry\\build\\default\\intermediates\\res\\default\\resConfig.json",{"isDirectory":false,"fileSnapShotHashValue":"75738f345ff80274c284ba85f5330fcf"}]]}},":Weather-master:entry:default@GenerateLoaderJson":{"_inputs":[{"dataType":"ValueEntry","value":"{\"_name\":\"BUILTIN_TASK_COMMAND\",\"_value\":\"\",\"_valueType\":\"string\",\"_hash\":\"0b5d05294fdf4e78e8482ef53eb64ac0\"}"},{"dataType":"ValueEntry","value":"{\"_name\":\"BUILTIN_TASK_ENV\",\"_value\":\"\",\"_valueType\":\"string\",\"_hash\":\"cdcdc2ec8062ca9ec1de46dbf2bbc053\"}"},{"dataType":"ValueEntry","value":"{\"_name\":\"BUILTIN_TASK_TOOLCHAIN\",\"_value\":\"\",\"_valueType\":\"string\",\"_hash\":\"e7f94a9422a8bc317a7d90b58efcb5f6\"}"},{"dataType":"ValueEntry","value":"{\"_name\":\"anBuildMode\",\"_value\":\"type\",\"_valueType\":\"string\",\"_hash\":\"de241a1eec94a2a622ff1c89f32846a2\"}"},{"dataType":"ValueEntry","value":"{\"_name\":\"apPath\",\"_value\":\"C:\\\\Users\\\\26708\\\\DevEcoStudioProjects\\\\Weather-master\\\\entry\\\\modules.ap\",\"_valueType\":\"string\",\"_hash\":\"11e8f7d874a516fd3ded8971f95b08ff\"}"},{"dataType":"ValueEntry","value":"{\"_name\":\"compatibleApiVersion\",\"_value\":12,\"_valueType\":\"number\",\"_hash\":\"b8c1ba3ecddcd8b1be17325fb873c8bc\"}"},{"dataType":"ValueEntry","value":"{\"_name\":\"compileApiVersion\",\"_value\":12,\"_valueType\":\"number\",\"_hash\":\"5bc55d1554c9b9f95bf3de5259c04c8b\"}"},{"dataType":"ValueEntry","value":"{\"_name\":\"compileMode\",\"_value\":\"esmodule\",\"_valueType\":\"string\",\"_hash\":\"dacafc8e0b77a950178a0b4d142dc32c\"}"},{"dataType":"ValueEntry","value":"{\"_name\":\"fallbackAnBuild\",\"_value\":false,\"_valueType\":\"boolean\",\"_hash\":\"a63e98bb3f368ced6ed4d5579ea7ca39\"}"},{"dataType":"ValueEntry","value":"{\"_name\":\"harNameOhmMap\",\"_value\":\"{}\",\"_valueType\":\"string\",\"_hash\":\"0faf006bccbcdc2c7f04ff2d8c87894f\"}"},{"dataType":"ValueEntry","value":"{\"_name\":\"hspNameOhmMap\",\"_value\":\"{}\",\"_valueType\":\"string\",\"_hash\":\"0e2d87e0c1ed279c66bc3efb8683e5d1\"}"},{"dataType":"ValueEntry","value":"{\"_name\":\"isBundledDependencies\",\"_value\":false,\"_valueType\":\"boolean\",\"_hash\":\"a69aa552317c7a6e087cb84a5722e050\"}"},{"dataType":"ValueEntry","value":"{\"_name\":\"isByteCodeHar\",\"_value\":false,\"_valueType\":\"boolean\",\"_hash\":\"c5f9b9e5cabee4253d52d0d01ca64ba2\"}"},{"dataType":"ValueEntry","value":"{\"_name\":\"isFullCompilationEnabled\",\"_value\":true,\"_valueType\":\"boolean\",\"_hash\":\"98b683d049e4e7fc32ef1be5321fe0b6\"}"},{"dataType":"ValueEntry","value":"{\"_name\":\"isHarInTestMode\",\"_value\":false,\"_valueType\":\"boolean\",\"_hash\":\"0dab3f8a643025835188443eccef7725\"}"},{"dataType":"ValueEntry","value":"{\"_name\":\"isHarWithCoverage\",\"_value\":false,\"_valueType\":\"boolean\",\"_hash\":\"7224a86bd9c5f83cb9a1a61584afcfb4\"}"},{"dataType":"ValueEntry","value":"{\"_name\":\"modulePathMap\",\"_value\":\"{\\\"entry\\\":\\\"C:\\\\\\\\Users\\\\\\\\26708\\\\\\\\DevEcoStudioProjects\\\\\\\\Weather-master\\\\\\\\entry\\\"}\",\"_valueType\":\"string\",\"_hash\":\"c6e771fd1b0605ce00e163f338e5df4b\"}"},{"dataType":"ValueEntry","value":"{\"_name\":\"module_dependencies\",\"_value\":\"{}\",\"_valueType\":\"string\",\"_hash\":\"974757f304b5bfd1c1454ea7a38cd0d5\"}"},{"dataType":"ValueEntry","value":"{\"_name\":\"nodeModulesPath\",\"_value\":\"C:\\\\Users\\\\26708\\\\DevEcoStudioProjects\\\\Weather-master\\\\entry\\\\build\\\\default\\\\intermediates\\\\loader_out\\\\default\\\\node_modules\",\"_valueType\":\"string\",\"_hash\":\"79d459f4d2b2d0779e9195b52a485200\"}"},{"dataType":"ValueEntry","value":"{\"_name\":\"overrides\",\"_valueType\":\"undefined\",\"_hash\":\"0e8f66f8eb79c6f33fb153c3fc3942f4\"}"},{"dataType":"ValueEntry","value":"{\"_name\":\"projectRootPath\",\"_value\":\"C:\\\\Users\\\\26708\\\\DevEcoStudioProjects\\\\Weather-master\",\"_valueType\":\"string\",\"_hash\":\"9256db30f6d8540ec67589cacedfb832\"}"},{"dataType":"ValueEntry","value":"{\"_name\":\"project_dependencies\",\"_value\":\"{}\",\"_valueType\":\"string\",\"_hash\":\"e15496bf1de2273597f444f07f1ca6d5\"}"},{"dataType":"ValueEntry","value":"{\"_name\":\"targetConfig\",\"_value\":\"{\\\"name\\\":\\\"default\\\"}\",\"_valueType\":\"string\",\"_hash\":\"44f0c01d44e2bbf4013c5bb1f232e1fe\"}"},{"dataType":"ValueEntry","value":"{\"_name\":\"useNormalizedOHMUrl\",\"_value\":false,\"_valueType\":\"boolean\",\"_hash\":\"45c309ddef659bd1ca26b5b8988a1a78\"}"}],"_successful":true,"_projectName":"Weather-master","_moduleName":"entry","_taskName":"default@GenerateLoaderJson","_key":":Weather-master:entry:default@GenerateLoaderJson","_executionId":":Weather-master:entry:default@GenerateLoaderJson:1733215528320","_inputFiles":{"dataType":"Map","value":[["C:\\Users\\26708\\DevEcoStudioProjects\\Weather-master\\entry\\src\\mock\\mock-config.json5",{"fileSnapShotHashValue":"65bd671ce876768bbfd0081ef2c01c16"}],["C:\\Users\\26708\\DevEcoStudioProjects\\Weather-master\\entry\\build\\default\\intermediates\\router_map\\default\\temp-router-map.json",{"fileSnapShotHashValue":"73468cbfd8206f7eab7063dc052295bb"}]]},"_outputFiles":{"dataType":"Map","value":[["C:\\Users\\26708\\DevEcoStudioProjects\\Weather-master\\entry\\build\\default\\intermediates\\loader\\default\\loader.json",{"isDirectory":false,"fileSnapShotHashValue":"ecb41574045627621cb128ea09218552"}]]}},":Weather-master:entry:default@ProcessLibs":{"_inputs":[{"dataType":"ValueEntry","value":"{\"_name\":\"BUILTIN_TASK_COMMAND\",\"_value\":\"\",\"_valueType\":\"string\",\"_hash\":\"0b5d05294fdf4e78e8482ef53eb64ac0\"}"},{"dataType":"ValueEntry","value":"{\"_name\":\"BUILTIN_TASK_ENV\",\"_value\":\"\",\"_valueType\":\"string\",\"_hash\":\"cdcdc2ec8062ca9ec1de46dbf2bbc053\"}"},{"dataType":"ValueEntry","value":"{\"_name\":\"BUILTIN_TASK_TOOLCHAIN\",\"_value\":\"\",\"_valueType\":\"string\",\"_hash\":\"e7f94a9422a8bc317a7d90b58efcb5f6\"}"},{"dataType":"ValueEntry","value":"{\"_name\":\"isBundledDependencies\",\"_value\":false,\"_valueType\":\"boolean\",\"_hash\":\"a69aa552317c7a6e087cb84a5722e050\"}"},{"dataType":"ValueEntry","value":"{\"_name\":\"isByteCodeHar\",\"_value\":false,\"_valueType\":\"boolean\",\"_hash\":\"c5f9b9e5cabee4253d52d0d01ca64ba2\"}"}],"_successful":true,"_projectName":"Weather-master","_moduleName":"entry","_taskName":"default@ProcessLibs","_key":":Weather-master:entry:default@ProcessLibs","_executionId":":Weather-master:entry:default@ProcessLibs:1733215528348","_inputFiles":{"dataType":"Map","value":[["C:\\Users\\26708\\DevEcoStudioProjects\\Weather-master\\build-profile.json5",{"fileSnapShotHashValue":"aa82e374b3e5035d23e886e98294ca1f"}],["C:\\Users\\26708\\DevEcoStudioProjects\\Weather-master\\entry\\build-profile.json5",{"fileSnapShotHashValue":"9bbf4457532f51420b8abf800db0a9d0"}]]},"_outputFiles":{"dataType":"Map","value":[["C:\\Users\\26708\\DevEcoStudioProjects\\Weather-master\\entry\\build\\default\\intermediates\\libs\\default",{"isDirectory":true,"fileSnapShotHashValue":""}]]}},":Weather-master:entry:default@CompileResource":{"_inputs":[{"dataType":"ValueEntry","value":"{\"_name\":\"BUILTIN_TASK_COMMAND\",\"_value\":\"D:\\\\HuaWei\\\\DevEco Studio\\\\sdk\\\\HarmonyOS-NEXT-DB6\\\\openharmony\\\\toolchains\\\\restool.exe,-l,C:\\\\Users\\\\26708\\\\DevEcoStudioProjects\\\\Weather-master\\\\entry\\\\build\\\\default\\\\intermediates\\\\res\\\\default\\\\resConfig.json\",\"_valueType\":\"string\",\"_hash\":\"633db81523031f3488c589c193f085b3\"}"},{"dataType":"ValueEntry","value":"{\"_name\":\"BUILTIN_TASK_ENV\",\"_value\":\"\",\"_valueType\":\"string\",\"_hash\":\"cdcdc2ec8062ca9ec1de46dbf2bbc053\"}"},{"dataType":"ValueEntry","value":"{\"_name\":\"BUILTIN_TASK_TOOLCHAIN\",\"_value\":\"D:\\\\HuaWei\\\\DevEco Studio\\\\sdk\\\\HarmonyOS-NEXT-DB6\\\\openharmony\\\\toolchains\\\\restool.exe\",\"_valueType\":\"string\",\"_hash\":\"5892c33af7bc4d4a49648ff497738168\"}"},{"dataType":"ValueEntry","value":"{\"_name\":\"TARGET_CONFIG\",\"_value\":\"{\\\"name\\\":\\\"default\\\"}\",\"_valueType\":\"string\",\"_hash\":\"ebe85c5c20c0e5d9e03bc5dc7135f953\"}"}],"_successful":true,"_projectName":"Weather-master","_moduleName":"entry","_taskName":"default@CompileResource","_key":":Weather-master:entry:default@CompileResource","_executionId":":Weather-master:entry:default@CompileResource:1733232781669","_inputFiles":{"dataType":"Map","value":[["C:\\Users\\26708\\DevEcoStudioProjects\\Weather-master\\entry\\src\\main\\resources",{"fileSnapShotHashValue":"389f2c26185325f471582adb27bca793"}],["C:\\Users\\26708\\DevEcoStudioProjects\\Weather-master\\AppScope\\resources",{"fileSnapShotHashValue":"6bffaee93a10b20c32b85aaf100c0b71"}],["C:\\Users\\26708\\DevEcoStudioProjects\\Weather-master\\entry\\build\\default\\intermediates\\process_profile\\default\\module.json",{"isDirectory":false,"fileSnapShotHashValue":"a78f422122f8fc88c9651916f33b34a7"}],["C:\\Users\\26708\\DevEcoStudioProjects\\Weather-master\\entry\\build\\default\\intermediates\\res\\default\\resConfig.json",{"isDirectory":false,"fileSnapShotHashValue":"75738f345ff80274c284ba85f5330fcf"}]]},"_outputFiles":{"dataType":"Map","value":[["C:\\Users\\26708\\DevEcoStudioProjects\\Weather-master\\entry\\build\\default\\intermediates\\res\\default",{"isDirectory":true,"fileSnapShotHashValue":"89043ffd55fc20bd845573898be6beb4"}],["C:\\Users\\26708\\DevEcoStudioProjects\\Weather-master\\entry\\build\\default\\generated\\r\\default\\ResourceTable.h",{"isDirectory":false,"fileSnapShotHashValue":"847d40159d636eb38d1afcf3756c4c16"}],["C:\\Users\\26708\\DevEcoStudioProjects\\Weather-master\\entry\\build\\default\\generated\\r\\default",{"isDirectory":true,"fileSnapShotHashValue":"7f1f64ddaef7c33493f9cd964fabf821"}]]}},":Weather-master:entry:default@CompileArkTS":{"_inputs":[{"dataType":"ValueEntry","value":"{\"_name\":\"debuggable\",\"_value\":true,\"_valueType\":\"boolean\"}"},{"dataType":"ValueEntry","value":"{\"_name\":\"isArk\",\"_value\":true,\"_valueType\":\"boolean\"}"},{"dataType":"ValueEntry","value":"{\"_name\":\"needCoverageInsert\",\"_value\":false,\"_valueType\":\"boolean\"}"},{"dataType":"ValueEntry","value":"{\"_name\":\"ark.tsImportSendable\",\"_value\":false,\"_valueType\":\"boolean\"}"},{"dataType":"ValueEntry","value":"{\"_name\":\"customTypes\",\"_value\":\"\",\"_valueType\":\"string\"}"},{"dataType":"ValueEntry","value":"{\"_name\":\"caseSensitiveCheck\",\"_value\":false,\"_valueType\":\"boolean\"}"},{"dataType":"ValueEntry","value":"{\"_name\":\"useNormalizedOHMUrl\",\"_value\":false,\"_valueType\":\"boolean\"}"},{"dataType":"ValueEntry","value":"{\"_name\":\"transformLib\",\"_value\":\"\",\"_valueType\":\"string\"}"},{"dataType":"ValueEntry","value":"{\"_name\":\"compatibleSdkVersionStage\",\"_value\":\"beta1\",\"_valueType\":\"string\"}"},{"dataType":"ValueEntry","value":"{\"_name\":\"arkTsWdiget\",\"_value\":false,\"_valueType\":\"boolean\"}"},{"dataType":"ValueEntry","value":"{\"_name\":\"OBFUSCATION_ENABLE\",\"_value\":\"undefined\",\"_valueType\":\"string\"}"},{"dataType":"ValueEntry","value":"{\"_name\":\"noExternalImportByPath\",\"_value\":false,\"_valueType\":\"boolean\"}"},{"dataType":"ValueEntry","value":"{\"_name\":\"BUILTIN_TASK_COMMAND\",\"_value\":\"\",\"_valueType\":\"string\"}"},{"dataType":"ValueEntry","value":"{\"_name\":\"BUILTIN_TASK_TOOLCHAIN\",\"_value\":\"\",\"_valueType\":\"string\"}"},{"dataType":"ValueEntry","value":"{\"_name\":\"BUILTIN_TASK_ENV\",\"_value\":\"\",\"_valueType\":\"string\"}"}],"_successful":true,"_projectName":"Weather-master","_moduleName":"entry","_taskName":"default@CompileArkTS","_key":":Weather-master:entry:default@CompileArkTS","_executionId":":Weather-master:entry:default@CompileArkTS:1733233326914","_inputFiles":{"dataType":"Map","value":[["C:\\Users\\26708\\DevEcoStudioProjects\\Weather-master\\entry\\build\\default\\intermediates\\loader\\default",{"isDirectory":true,"fileSnapShotHashValue":"9df6f2a8e470734675195443f83e77fb"}],["C:\\Users\\26708\\DevEcoStudioProjects\\Weather-master\\entry\\build\\default\\intermediates\\res\\default\\ResourceTable.txt",{"fileSnapShotHashValue":"20545df5e878f277944b21d6414e3031"}],["C:\\Users\\26708\\DevEcoStudioProjects\\Weather-master\\entry\\build\\default\\intermediates\\res\\default\\module.json",{"fileSnapShotHashValue":"69fdb1b533bb2e395bb98bffbd9d89e7"}],["C:\\Users\\26708\\DevEcoStudioProjects\\Weather-master\\entry\\build\\default\\intermediates\\res\\default\\resources\\base\\profile",{"isDirectory":true,"fileSnapShotHashValue":"af97612c18a540ebf08f4d2df88e07d9"}],["C:\\Users\\26708\\DevEcoStudioProjects\\Weather-master\\entry\\src\\main\\ets",{"isDirectory":true,"fileSnapShotHashValue":"fdb4af631fdf6ebe7e96845a29100c2b"}],["C:\\Users\\26708\\DevEcoStudioProjects\\Weather-master\\entry\\build\\default\\generated\\profile\\default\\BuildProfile.ets",{"fileSnapShotHashValue":"1b9b92e38e60a82bb7845a1dcccdaa6b"}],["C:\\Users\\26708\\DevEcoStudioProjects\\Weather-master\\entry\\src\\mock\\mock-config.json5",{"isDirectory":false,"fileSnapShotHashValue":"65bd671ce876768bbfd0081ef2c01c16"}]]},"_outputFiles":{"dataType":"Map","value":[["C:\\Users\\26708\\DevEcoStudioProjects\\Weather-master\\entry\\build\\default\\intermediates\\loader_out\\default\\ets",{"isDirectory":true,"fileSnapShotHashValue":"a1c50771e26f1171713c0a0062001db3"}]]}},":Weather-master:entry:default@BuildJS":{"_inputs":[{"dataType":"ValueEntry","value":"{\"_name\":\"debuggable\",\"_value\":true,\"_valueType\":\"boolean\"}"},{"dataType":"ValueEntry","value":"{\"_name\":\"isArk\",\"_value\":true,\"_valueType\":\"boolean\"}"},{"dataType":"ValueEntry","value":"{\"_name\":\"needCoverageInsert\",\"_value\":false,\"_valueType\":\"boolean\"}"},{"dataType":"ValueEntry","value":"{\"_name\":\"ark.tsImportSendable\",\"_value\":false,\"_valueType\":\"boolean\"}"},{"dataType":"ValueEntry","value":"{\"_name\":\"customTypes\",\"_value\":\"\",\"_valueType\":\"string\"}"},{"dataType":"ValueEntry","value":"{\"_name\":\"caseSensitiveCheck\",\"_value\":false,\"_valueType\":\"boolean\"}"},{"dataType":"ValueEntry","value":"{\"_name\":\"useNormalizedOHMUrl\",\"_value\":false,\"_valueType\":\"boolean\"}"},{"dataType":"ValueEntry","value":"{\"_name\":\"transformLib\",\"_value\":\"\",\"_valueType\":\"string\"}"},{"dataType":"ValueEntry","value":"{\"_name\":\"compatibleSdkVersionStage\",\"_value\":\"beta1\",\"_valueType\":\"string\"}"},{"dataType":"ValueEntry","value":"{\"_name\":\"BUILTIN_TASK_COMMAND\",\"_value\":\"\",\"_valueType\":\"string\"}"},{"dataType":"ValueEntry","value":"{\"_name\":\"BUILTIN_TASK_TOOLCHAIN\",\"_value\":\"\",\"_valueType\":\"string\"}"},{"dataType":"ValueEntry","value":"{\"_name\":\"BUILTIN_TASK_ENV\",\"_value\":\"\",\"_valueType\":\"string\"}"}],"_successful":false,"_projectName":"Weather-master","_moduleName":"entry","_taskName":"default@BuildJS","_key":":Weather-master:entry:default@BuildJS","_executionId":":Weather-master:entry:default@BuildJS:1733233326957","_inputFiles":{"dataType":"Map","value":[["C:\\Users\\26708\\DevEcoStudioProjects\\Weather-master\\entry\\build\\default\\intermediates\\loader\\default",{"isDirectory":true,"fileSnapShotHashValue":"9df6f2a8e470734675195443f83e77fb"}],["C:\\Users\\26708\\DevEcoStudioProjects\\Weather-master\\entry\\build\\default\\intermediates\\res\\default\\ResourceTable.txt",{"fileSnapShotHashValue":"20545df5e878f277944b21d6414e3031"}],["C:\\Users\\26708\\DevEcoStudioProjects\\Weather-master\\entry\\build\\default\\intermediates\\res\\default\\module.json",{"fileSnapShotHashValue":"69fdb1b533bb2e395bb98bffbd9d89e7"}],["C:\\Users\\26708\\DevEcoStudioProjects\\Weather-master\\entry\\build\\default\\intermediates\\res\\default\\resources\\base\\profile",{"isDirectory":true,"fileSnapShotHashValue":"af97612c18a540ebf08f4d2df88e07d9"}]]},"_outputFiles":{"dataType":"Map","value":[["C:\\Users\\26708\\DevEcoStudioProjects\\Weather-master\\entry\\build\\default\\intermediates\\loader_out\\default\\js",{"isDirectory":true,"fileSnapShotHashValue":""}]]}},":Weather-master:entry:default@DoNativeStrip":{"_inputs":[{"dataType":"ValueEntry","value":"{\"_name\":\"BUILTIN_TASK_COMMAND\",\"_value\":\"\",\"_valueType\":\"string\",\"_hash\":\"0b5d05294fdf4e78e8482ef53eb64ac0\"}"},{"dataType":"ValueEntry","value":"{\"_name\":\"BUILTIN_TASK_ENV\",\"_value\":\"\",\"_valueType\":\"string\",\"_hash\":\"cdcdc2ec8062ca9ec1de46dbf2bbc053\"}"},{"dataType":"ValueEntry","value":"{\"_name\":\"BUILTIN_TASK_TOOLCHAIN\",\"_value\":\"\",\"_valueType\":\"string\",\"_hash\":\"e7f94a9422a8bc317a7d90b58efcb5f6\"}"}],"_successful":true,"_projectName":"Weather-master","_moduleName":"entry","_taskName":"default@DoNativeStrip","_key":":Weather-master:entry:default@DoNativeStrip","_executionId":":Weather-master:entry:default@DoNativeStrip:1733215529441","_inputFiles":{"dataType":"Map","value":[["C:\\Users\\26708\\DevEcoStudioProjects\\Weather-master\\entry\\build\\default\\intermediates\\libs\\default",{"isDirectory":true,"fileSnapShotHashValue":""}]]},"_outputFiles":{"dataType":"Map","value":[["C:\\Users\\26708\\DevEcoStudioProjects\\Weather-master\\entry\\build\\default\\intermediates\\stripped_native_libs\\default",{"isDirectory":true,"fileSnapShotHashValue":""}]]}},":Weather-master:entry:default@CacheNativeLibs":{"_inputs":[{"dataType":"ValueEntry","value":"{\"_name\":\"BUILTIN_TASK_COMMAND\",\"_value\":\"\",\"_valueType\":\"string\",\"_hash\":\"0b5d05294fdf4e78e8482ef53eb64ac0\"}"},{"dataType":"ValueEntry","value":"{\"_name\":\"BUILTIN_TASK_ENV\",\"_value\":\"\",\"_valueType\":\"string\",\"_hash\":\"cdcdc2ec8062ca9ec1de46dbf2bbc053\"}"},{"dataType":"ValueEntry","value":"{\"_name\":\"BUILTIN_TASK_TOOLCHAIN\",\"_value\":\"\",\"_valueType\":\"string\",\"_hash\":\"e7f94a9422a8bc317a7d90b58efcb5f6\"}"}],"_successful":true,"_projectName":"Weather-master","_moduleName":"entry","_taskName":"default@CacheNativeLibs","_key":":Weather-master:entry:default@CacheNativeLibs","_executionId":":Weather-master:entry:default@CacheNativeLibs:1733215529468","_inputFiles":{"dataType":"Map","value":[["C:\\Users\\26708\\DevEcoStudioProjects\\Weather-master\\entry\\build\\default\\intermediates\\libs\\default",{"isDirectory":true,"fileSnapShotHashValue":""}],["C:\\Users\\26708\\DevEcoStudioProjects\\Weather-master\\entry\\build\\default\\intermediates\\stripped_native_libs\\default",{"isDirectory":true,"fileSnapShotHashValue":""}]]},"_outputFiles":{"dataType":"Map","value":[["C:\\Users\\26708\\DevEcoStudioProjects\\Weather-master\\entry\\build\\default\\intermediates\\patch\\default\\base_native_libs.json",{"isDirectory":false,"fileSnapShotHashValue":"2fcc31a1bc4aad10e2b99417127276f3"}]]}},":Weather-master:entry:default@GeneratePkgModuleJson":{"_inputs":[{"dataType":"ValueEntry","value":"{\"_name\":\"BUILTIN_TASK_COMMAND\",\"_value\":\"\",\"_valueType\":\"string\",\"_hash\":\"0b5d05294fdf4e78e8482ef53eb64ac0\"}"},{"dataType":"ValueEntry","value":"{\"_name\":\"BUILTIN_TASK_ENV\",\"_value\":\"\",\"_valueType\":\"string\",\"_hash\":\"cdcdc2ec8062ca9ec1de46dbf2bbc053\"}"},{"dataType":"ValueEntry","value":"{\"_name\":\"BUILTIN_TASK_TOOLCHAIN\",\"_value\":\"\",\"_valueType\":\"string\",\"_hash\":\"e7f94a9422a8bc317a7d90b58efcb5f6\"}"}],"_successful":true,"_projectName":"Weather-master","_moduleName":"entry","_taskName":"default@GeneratePkgModuleJson","_key":":Weather-master:entry:default@GeneratePkgModuleJson","_executionId":":Weather-master:entry:default@GeneratePkgModuleJson:1733232782796","_inputFiles":{"dataType":"Map","value":[["C:\\Users\\26708\\DevEcoStudioProjects\\Weather-master\\entry\\build\\default\\intermediates\\res\\default\\module.json",{"fileSnapShotHashValue":"69fdb1b533bb2e395bb98bffbd9d89e7"}]]},"_outputFiles":{"dataType":"Map","value":[["C:\\Users\\26708\\DevEcoStudioProjects\\Weather-master\\entry\\build\\default\\intermediates\\package\\default\\module.json",{"fileSnapShotHashValue":"69fdb1b533bb2e395bb98bffbd9d89e7"}]]}},":Weather-master:entry:default@PackageHap":{"_inputs":[{"dataType":"ValueEntry","value":"{\"_name\":\"hotReload\",\"_value\":false,\"_valueType\":\"boolean\"}"},{"dataType":"ValueEntry","value":"{\"_name\":\"integrated_hsp\",\"_value\":false,\"_valueType\":\"boolean\"}"},{"dataType":"ValueEntry","value":"{\"_name\":\"projectConfigAppOpt\",\"_valueType\":\"undefined\"}"},{"dataType":"ValueEntry","value":"{\"_name\":\"sourceMapDir\",\"_value\":\"\",\"_valueType\":\"string\"}"},{"dataType":"ValueEntry","value":"{\"_name\":\"bundleType\",\"_value\":\"app\",\"_valueType\":\"string\"}"},{"dataType":"ValueEntry","value":"{\"_name\":\"BUILTIN_TASK_COMMAND\",\"_value\":\"java,-Dfile.encoding=GBK,-jar,D:\\\\HuaWei\\\\DevEco Studio\\\\sdk\\\\HarmonyOS-NEXT-DB6\\\\openharmony\\\\toolchains\\\\lib\\\\app_packing_tool.jar,--mode,hap,--force,true,--lib-path,C:\\\\Users\\\\26708\\\\DevEcoStudioProjects\\\\Weather-master\\\\entry\\\\build\\\\default\\\\intermediates\\\\stripped_native_libs\\\\default,--json-path,C:\\\\Users\\\\26708\\\\DevEcoStudioProjects\\\\Weather-master\\\\entry\\\\build\\\\default\\\\intermediates\\\\package\\\\default\\\\module.json,--resources-path,C:\\\\Users\\\\26708\\\\DevEcoStudioProjects\\\\Weather-master\\\\entry\\\\build\\\\default\\\\intermediates\\\\res\\\\default\\\\resources,--index-path,C:\\\\Users\\\\26708\\\\DevEcoStudioProjects\\\\Weather-master\\\\entry\\\\build\\\\default\\\\intermediates\\\\res\\\\default\\\\resources.index,--pack-info-path,C:\\\\Users\\\\26708\\\\DevEcoStudioProjects\\\\Weather-master\\\\entry\\\\build\\\\default\\\\outputs\\\\default\\\\pack.info,--out-path,C:\\\\Users\\\\26708\\\\DevEcoStudioProjects\\\\Weather-master\\\\entry\\\\build\\\\default\\\\outputs\\\\default\\\\entry-default-unsigned.hap,--ets-path,C:\\\\Users\\\\26708\\\\DevEcoStudioProjects\\\\Weather-master\\\\entry\\\\build\\\\default\\\\intermediates\\\\loader_out\\\\default\\\\ets\",\"_valueType\":\"string\"}"},{"dataType":"ValueEntry","value":"{\"_name\":\"BUILTIN_TASK_TOOLCHAIN\",\"_value\":\"D:\\\\HuaWei\\\\DevEco Studio\\\\sdk\\\\HarmonyOS-NEXT-DB6\\\\openharmony\\\\toolchains\\\\lib\\\\app_packing_tool.jar\",\"_valueType\":\"string\"}"},{"dataType":"ValueEntry","value":"{\"_name\":\"BUILTIN_TASK_ENV\",\"_value\":\"\",\"_valueType\":\"string\"}"}],"_successful":true,"_projectName":"Weather-master","_moduleName":"entry","_taskName":"default@PackageHap","_key":":Weather-master:entry:default@PackageHap","_executionId":":Weather-master:entry:default@PackageHap:1733233327874","_inputFiles":{"dataType":"Map","value":[["C:\\Users\\26708\\DevEcoStudioProjects\\Weather-master\\entry\\build\\default\\intermediates\\stripped_native_libs\\default",{"isDirectory":false,"fileSnapShotHashValue":""}],["C:\\Users\\26708\\DevEcoStudioProjects\\Weather-master\\entry\\build\\default\\intermediates\\res\\default\\module.json",{"isDirectory":false,"fileSnapShotHashValue":"69fdb1b533bb2e395bb98bffbd9d89e7"}],["C:\\Users\\26708\\DevEcoStudioProjects\\Weather-master\\entry\\build\\default\\intermediates\\res\\default\\resources",{"isDirectory":false,"fileSnapShotHashValue":"6f019b27f4b552138576c5a10bcb46c0"}],["C:\\Users\\26708\\DevEcoStudioProjects\\Weather-master\\entry\\build\\default\\intermediates\\res\\default\\resources.index",{"isDirectory":false,"fileSnapShotHashValue":"0620f9b513cdd8fbd83d76bad6223b45"}],["C:\\Users\\26708\\DevEcoStudioProjects\\Weather-master\\entry\\build\\default\\outputs\\default\\pack.info",{"isDirectory":false,"fileSnapShotHashValue":"3c61d617d999f94f7cb3685bb21e8d74"}],["C:\\Users\\26708\\DevEcoStudioProjects\\Weather-master\\entry\\build\\default\\intermediates\\loader_out\\default\\ets",{"isDirectory":false,"fileSnapShotHashValue":"a1c50771e26f1171713c0a0062001db3"}],["C:\\Users\\26708\\DevEcoStudioProjects\\Weather-master\\entry\\build\\default\\generated\\profile\\default\\BuildProfile.ets",{"fileSnapShotHashValue":"1b9b92e38e60a82bb7845a1dcccdaa6b"}]]},"_outputFiles":{"dataType":"Map","value":[["C:\\Users\\26708\\DevEcoStudioProjects\\Weather-master\\entry\\build\\default\\outputs\\default\\entry-default-unsigned.hap",{"isDirectory":false,"fileSnapShotHashValue":"e4193a84ba5bcbe8680fe43bbcd0fb6b"}],["C:\\Users\\26708\\DevEcoStudioProjects\\Weather-master\\entry\\build\\default\\outputs\\default\\mapping\\sourceMaps.map",{"fileSnapShotHashValue":"19146bee755a291779b5aee0ca1a7ce4"}]]}},":Weather-master:entry:default@SignHap":{"_inputs":[{"dataType":"ValueEntry","value":"{\"_name\":\"enableSignTask\",\"_value\":true,\"_valueType\":\"boolean\"}"},{"dataType":"ValueEntry","value":"{\"_name\":\"sdkToolchainsComponentVersion\",\"_value\":\"5.0.0.61\",\"_valueType\":\"string\"}"},{"dataType":"ValueEntry","value":"{\"_name\":\"existSigningConfig\",\"_value\":false,\"_valueType\":\"boolean\"}"},{"dataType":"ValueEntry","value":"{\"_name\":\"BUILTIN_TASK_COMMAND\",\"_value\":\"\",\"_valueType\":\"string\"}"},{"dataType":"ValueEntry","value":"{\"_name\":\"BUILTIN_TASK_TOOLCHAIN\",\"_value\":\"\",\"_valueType\":\"string\"}"},{"dataType":"ValueEntry","value":"{\"_name\":\"BUILTIN_TASK_ENV\",\"_value\":\"\",\"_valueType\":\"string\"}"}],"_successful":true,"_projectName":"Weather-master","_moduleName":"entry","_taskName":"default@SignHap","_key":":Weather-master:entry:default@SignHap","_executionId":":Weather-master:entry:default@SignHap:1733233328481","_inputFiles":{"dataType":"Map","value":[["C:\\Users\\26708\\DevEcoStudioProjects\\Weather-master\\entry\\build\\default\\outputs\\default\\entry-default-unsigned.hap",{"isDirectory":false,"fileSnapShotHashValue":"e4193a84ba5bcbe8680fe43bbcd0fb6b"}]]},"_outputFiles":{"dataType":"Map","value":[["C:\\Users\\26708\\DevEcoStudioProjects\\Weather-master\\entry\\build\\default\\outputs\\default\\entry-default-signed.hap",{"isDirectory":false,"fileSnapShotHashValue":""}]]}}}