{
  "HVIGOR_OHOS_PLUGIN": {
    "MODULE_CONFIG": [
      {
        "MODULE_NAME": "entry",
        "API_TYPE": "stageMode",
        "TARGETS": [
          {
            "name": "default"
          },
          {
            "name": "ohosTest"
          }
        ],
        "DEVICE_TYPES": [
          "phone",
          "tablet",
          "2in1"
        ],
        "AOT_COMPILE_MODE": "type",
        "INCREMENTAL_TASKS": {
          "COMPILE_ARKTS": true
        }
      }
    ],
    "PROJECT_CONFIG": {
      "PRODUCTS": [
        {
          "NAME": "default",
          "COMPATIBLE_SDK_VERSION": "5.0.0(12)",
          "RUNTIMEOS": "HarmonyOS"
        }
      ],
      "BUILD_MODE_SET": [
        {
          "NAME": "debug"
        },
        {
          "NAME": "release"
        }
      ],
      "MODULES": [
        {
          "TARGETS": [
            {
              "NAME": "default"
            }
          ]
        }
      ],
      "BUILD_MODE": "debug"
    }
  },
  "totalTime": 2038422100,
  "moduleNum": 1,
  "taskTime": {
    "compileArkTS": 947563400,
    "buildArkTS": 0,
    "compileJS": 0,
    "buildJS": 6777300,
    "compileResource": 0,
    "packageHap": 601788800,
    "signHap": 2302500
  },
  "isIncremental": true,
  "hasIncremental": true,
  "isParallel": true,
  "IS_DAEMON": true,
  "LOG_LEVEL": "INFO",
  "IS_HVIGORFILE_TYPE_CHECK": false,
  "TASK_TIME": {
    "entry": {
      "ConfigureCmake": 229900,
      "PreCheckSyscap": 412400,
      "GeneratePkgContextInfo": 770200,
      "ProcessIntegratedHsp": 2888900,
      "BuildNativeWithCmake": 320800,
      "SyscapTransform": 3968900,
      "BuildNativeWithNinja": 1593100,
      "BuildJS": 6777300,
      "CompileArkTS": 947563400,
      "PackageHap": 601788800,
      "SignHap": 2302500,
      "assembleHap": 228400
    }
  },
  "BUILD_ID": "202412032142064570"
}