{
  "HVIGOR_OHOS_PLUGIN": {
    "MODULE_CONFIG": [
      {
        "MODULE_NAME": "entry",
        "API_TYPE": "stageMode",
        "TARGETS": [
          {
            "name": "default"
          },
          {
            "name": "ohosTest"
          }
        ],
        "DEVICE_TYPES": [
          "phone",
          "tablet"
        ],
        "AOT_COMPILE_MODE": "type"
      }
    ],
    "PROJECT_CONFIG": {
      "PRODUCTS": [
        {
          "NAME": "default",
          "COMPATIBLE_SDK_VERSION": "5.0.0(12)",
          "RUNTIMEOS": "HarmonyOS"
        }
      ],
      "BUILD_MODE_SET": [
        {
          "NAME": "debug"
        },
        {
          "NAME": "release"
        }
      ],
      "MODULES": [
        {
          "TARGETS": [
            {
              "NAME": "default"
            }
          ]
        }
      ],
      "BUILD_MODE": "debug"
    }
  },
  "totalTime": 17336780400,
  "moduleNum": 1,
  "taskTime": {
    "compileArkTS": 0,
    "buildArkTS": 0,
    "compileJS": 0,
    "buildJS": 5379400,
    "compileResource": 0,
    "packageHap": 0,
    "signHap": 4893600
  },
  "isIncremental": true,
  "hasIncremental": true,
  "isParallel": true,
  "IS_DAEMON": true,
  "LOG_LEVEL": "INFO",
  "IS_HVIGORFILE_TYPE_CHECK": false,
  "TASK_TIME": {
    "entry": {
      "ConfigureCmake": 11275800,
      "PreCheckSyscap": 1105100,
      "GeneratePkgContextInfo": 1318400,
      "ProcessIntegratedHsp": 4752400,
      "BuildNativeWithCmake": 522300,
      "SyscapTransform": 21076700,
      "BuildNativeWithNinja": 1886100,
      "BuildJS": 5379400,
      "SignHap": 4893600,
      "assembleHap": 479300
    }
  },
  "BUILD_ID": "202411111821576240"
}